# High Pass Filter, R 16k, C 10 nF
# AWG_Sines.py
# Logarithmic frequency sweep
# offset 0.500, amplitude 0.500
# step through frequencies
312    100  0.0157  1.1663 -0.0040  0.1094
279    112  0.0117  1.1675 -0.0031  0.1238
248    126  0.0029  1.1722 -0.0022  0.1373
222    141 -0.0511  1.1657  0.0017  0.1530
198    158 -0.0147  1.1664 -0.0026  0.1710
176    178 -0.0044  1.1654 -0.0009  0.1923
156    200 -0.0142  1.1660 -0.0064  0.2128
140    224 -0.0098  1.1687  0.0009  0.2388
125    251 -0.0146  1.1695 -0.0022  0.2646
111    282 -0.0071  1.1671 -0.0027  0.2943
99    316  0.0020  1.1663 -0.0017  0.3271
88    355 -0.0046  1.1688  0.0004  0.3596
79    398 -0.0176  1.1670 -0.0037  0.3990
70    447  0.0019  1.1660  0.0030  0.4404
62    501 -0.0194  1.1654 -0.0061  0.4837
56    562 -0.0110  1.1662 -0.0068  0.5274
50    631 -0.0142  1.1656 -0.0034  0.5761
44    708 -0.0083  1.1656 -0.0069  0.6278
39    794 -0.0087  1.1652 -0.0084  0.6772
35    891 -0.0053  1.1685 -0.0063  0.7276
31   1000 -0.0112  1.1670 -0.0067  0.7773
28   1122 -0.0149  1.1693 -0.0088  0.8233
25   1259 -0.0118  1.1709 -0.0065  0.8714
22   1413 -0.0041  1.1680 -0.0057  0.9098
20   1585 -0.0081  1.1697 -0.0055  0.9470
18   1778 -0.0153  1.1660 -0.0067  0.9772
16   1995 -0.0024  1.1732  0.0001  1.0064
14   2239 -0.0153  1.1719 -0.0095  1.0304
12   2512 -0.0088  1.1879 -0.0032  1.0841
11   2818 -0.0129  1.1700 -0.0098  1.0798
10   3162 -0.0026  1.1695  0.0010  1.0862
9   3548 -0.0065  1.1694 -0.0016  1.0979
8   3981 -0.0078  1.1686 -0.0076  1.1099
7   4467 -0.0010  1.1647 -0.0032  1.1208
6   5012  0.0203  1.1675  0.0221  1.1265
6   5623  0.0036  1.1545 -0.0078  1.1110
5   6310 -0.0170  1.1765 -0.0191  1.1420
4   7079  0.0061  1.1748  0.0079  1.1436
4   7943 -0.0116  1.1680 -0.0100  1.1412
4   8913 -0.0094  1.1789 -0.0044  1.1541
3  10000 -0.0123  1.1701  0.0100  1.1468
312    100  0.0194  1.1656 -0.0029  0.1112
279    112  0.0204  1.1731 -0.0020  0.1227
248    126 -0.0101  1.1659 -0.0019  0.1369
222    141  0.0109  1.1650 -0.0033  0.1534
198    158 -0.0057  1.1695  0.0005  0.1696
176    178 -0.0119  1.1696 -0.0024  0.1913
156    200 -0.0058  1.1637  0.0008  0.2141
140    224 -0.0092  1.1706 -0.0002  0.2364
125    251  0.0237  1.1666  0.0018  0.2652
111    282 -0.0020  1.1677 -0.0027  0.2951
99    316 -0.0002  1.1682 -0.0036  0.3245
88    355 -0.0232  1.1660 -0.0066  0.3603
79    398 -0.0181  1.1667  0.0006  0.3982
70    447  0.0043  1.1683  0.0019  0.4389
62    501  0.0006  1.1679 -0.0009  0.4812
56    562 -0.0215  1.1658 -0.0060  0.5288
50    631 -0.0129  1.1677 -0.0037  0.5766
44    708 -0.0019  1.1681 -0.0005  0.6266
39    794 -0.0140  1.1687 -0.0054  0.6776
35    891  0.0001  1.1673 -0.0032  0.7259
31   1000 -0.0098  1.1668 -0.0036  0.7784
28   1122 -0.0027  1.1678 -0.0005  0.8255
25   1259 -0.0044  1.1710 -0.0023  0.8685
22   1413 -0.0064  1.1702 -0.0024  0.9085
20   1585 -0.0125  1.1644 -0.0053  0.9451
18   1778 -0.0074  1.1679 -0.0017  0.9757
16   1995 -0.0080  1.1681 -0.0036  1.0092
14   2239 -0.0068  1.1651  0.0001  1.0337
12   2512 -0.0048  1.1790 -0.0013  1.0472
11   2818 -0.0146  1.1720 -0.0092  1.0756
10   3162  0.0020  1.1605  0.0084  1.0909
9   3548 -0.0142  1.1695 -0.0081  1.1011
8   3981 -0.0169  1.1666 -0.0094  1.1094
7   4467 -0.0051  1.1684  0.0002  1.1207
6   5012 -0.0148  1.1674 -0.0193  1.1288
6   5623  0.1045  1.1380  0.0078  1.1166
5   6310 -0.0438  1.1645 -0.0339  1.1358
4   7079 -0.0128  1.1692 -0.0123  1.1399
4   7943 -0.0170  1.1660 -0.0094  1.1398
4   8913 -0.0120  1.1661 -0.0078  1.1458
3  10000 -0.0133  1.1708 -0.0040  1.1477
312    100 -0.0374  1.1652 -0.0015  0.1099
279    112 -0.0305  1.1716 -0.0039  0.1206
248    126 -0.0022  1.1672 -0.0036  0.1368
222    141 -0.0104  1.1676 -0.0017  0.1529
198    158 -0.0065  1.1660 -0.0023  0.1705
176    178  0.0086  1.1719 -0.0016  0.1905
156    200  0.0004  1.1659 -0.0050  0.2135
140    224 -0.0105  1.1715  0.0022  0.2363
125    251 -0.0265  1.1709 -0.0083  0.2644
111    282 -0.0012  1.1667 -0.0022  0.2937
99    316 -0.0013  1.1696 -0.0027  0.3245
88    355 -0.0044  1.1664 -0.0012  0.3598
79    398  0.0073  1.1658  0.0010  0.3984
70    447 -0.0148  1.1660  0.0006  0.4403
62    501 -0.0136  1.1658 -0.0020  0.4816
56    562  0.0109  1.1664 -0.0006  0.5277
50    631 -0.0147  1.1670 -0.0053  0.5758
44    708 -0.0033  1.1672 -0.0030  0.6261
39    794 -0.0003  1.1654 -0.0018  0.6776
35    891 -0.0068  1.1649 -0.0005  0.7281
31   1000 -0.0053  1.1672 -0.0039  0.7779
28   1122 -0.0067  1.1662 -0.0006  0.8228
25   1259  0.0035  1.1710  0.0014  0.8671
22   1413 -0.0068  1.1685 -0.0023  0.9092
20   1585  0.0030  1.1682  0.0040  0.9427
18   1778 -0.0047  1.1678  0.0006  0.9770
16   1995 -0.0084  1.1629 -0.0044  1.0088
14   2239 -0.0004  1.1703  0.0022  1.0344
12   2512 -0.0044  1.1710 -0.0005  1.0652
11   2818 -0.0137  1.1679 -0.0088  1.0677
10   3162 -0.0020  1.1715  0.0014  1.0902
9   3548 -0.0126  1.1677 -0.0063  1.1039
8   3981 -0.0112  1.1661 -0.0018  1.1074
7   4467 -0.0184  1.1673 -0.0221  1.1190
6   5012 -0.0104  1.1625 -0.0095  1.1125
6   5623  0.1623  1.1584  0.0762  1.1228
5   6310 -0.0015  1.1730  0.0048  1.1387
4   7079 -0.0153  1.1677 -0.0047  1.1441
4   7943 -0.0030  1.1729  0.0026  1.1424
4   8913  0.0027  1.1725 -0.0026  1.1493
3  10000 -0.0116  1.1686  0.0048  1.1485
312    100  0.0080  1.1708  0.0015  0.1093
279    112  0.0174  1.1652  0.0015  0.1231
248    126 -0.0335  1.1738 -0.0035  0.1359
222    141 -0.0044  1.1698 -0.0015  0.1515
198    158 -0.0070  1.1704 -0.0026  0.1720
176    178 -0.0324  1.1709 -0.0043  0.1907
156    200 -0.0071  1.1648 -0.0056  0.2139
140    224  0.0121  1.1688  0.0012  0.2382
125    251 -0.0190  1.1677 -0.0056  0.2652
111    282  0.0127  1.1723  0.0014  0.2922
99    316  0.0000  1.1687 -0.0018  0.3249
88    355 -0.0059  1.1673 -0.0008  0.3612
79    398 -0.0123  1.1657  0.0045  0.3977
70    447 -0.0316  1.1648 -0.0044  0.4380
62    501 -0.0034  1.1658 -0.0040  0.4814
56    562 -0.0026  1.1651 -0.0004  0.5274
50    631 -0.0130  1.1691 -0.0084  0.5756
44    708 -0.0065  1.1681 -0.0063  0.6262
39    794 -0.0038  1.1656 -0.0021  0.6779
35    891 -0.0031  1.1688 -0.0005  0.7274
31   1000 -0.0067  1.1670 -0.0064  0.7765
28   1122 -0.0150  1.1685 -0.0098  0.8227
25   1259 -0.0089  1.1667 -0.0067  0.8710
22   1413 -0.0044  1.1653 -0.0011  0.9081
20   1585 -0.0120  1.1671 -0.0059  0.9432
18   1778 -0.0115  1.1669 -0.0077  0.9757
16   1995 -0.0075  1.1655 -0.0037  1.0064
14   2239 -0.0113  1.1775 -0.0086  1.0359
12   2512 -0.0031  1.1604  0.0009  1.0565
11   2818 -0.0082  1.1725 -0.0050  1.0817
10   3162 -0.0047  1.1711 -0.0009  1.0889
9   3548 -0.0039  1.1698  0.0009  1.0987
8   3981 -0.0191  1.1706 -0.0140  1.1133
7   4467 -0.0001  1.1711  0.0029  1.1192
6   5012 -0.0088  1.1716 -0.0062  1.1256
6   5623  0.2429  1.1597  0.2395  1.1357
5   6310 -0.0152  1.1748 -0.0143  1.1461
4   7079  0.0028  1.1632  0.0016  1.1433
4   7943 -0.0066  1.1639  0.0024  1.1388
4   8913 -0.0114  1.1769 -0.0013  1.1454
3  10000 -0.0072  1.1710  0.0084  1.1485
312    100  0.0178  1.1661 -0.0035  0.1091
279    112  0.0186  1.1733 -0.0033  0.1224
248    126 -0.0003  1.1701  0.0031  0.1376
222    141 -0.0088  1.1677 -0.0017  0.1533
198    158 -0.0116  1.1660 -0.0012  0.1706
176    178 -0.0052  1.1661 -0.0015  0.1914
156    200 -0.0112  1.1666 -0.0054  0.2147
140    224 -0.0066  1.1712 -0.0041  0.2378
125    251 -0.0139  1.1703 -0.0033  0.2653
111    282 -0.0109  1.1672 -0.0028  0.2945
99    316  0.0013  1.1653 -0.0019  0.3251
88    355 -0.0035  1.1670  0.0010  0.3593
79    398 -0.0064  1.1670 -0.0043  0.3974
70    447 -0.0039  1.1662 -0.0091  0.4380
62    501 -0.0015  1.1660 -0.0019  0.4808
56    562 -0.0048  1.1670 -0.0005  0.5293
50    631 -0.0036  1.1677 -0.0018  0.5763
44    708 -0.0135  1.1674 -0.0068  0.6245
39    794 -0.0103  1.1687 -0.0024  0.6771
35    891 -0.0048  1.1665 -0.0062  0.7272
31   1000 -0.0139  1.1687 -0.0060  0.7767
28   1122 -0.0081  1.1696 -0.0028  0.8222
25   1259 -0.0102  1.1645 -0.0028  0.8686
22   1413 -0.0158  1.1670 -0.0085  0.9070
20   1585 -0.0115  1.1664 -0.0064  0.9434
18   1778 -0.0074  1.1672 -0.0047  0.9766
16   1995 -0.0085  1.1719 -0.0045  1.0088
14   2239 -0.0101  1.1735 -0.0079  1.0330
12   2512 -0.0097  1.1619 -0.0065  1.0522
11   2818  0.0004  1.1676 -0.0000  1.0812
10   3162 -0.0106  1.1609 -0.0069  1.0798
9   3548 -0.0115  1.1706 -0.0080  1.1019
8   3981  0.0045  1.1681  0.0072  1.1113
7   4467  0.0001  1.1679  0.0125  1.1145
6   5012 -0.0380  1.1721 -0.0315  1.1292
6   5623  0.0347  1.1516  0.0332  1.1081
5   6310 -0.0262  1.1724 -0.0097  1.1444
4   7079 -0.0025  1.1691 -0.0018  1.1400
4   7943 -0.0194  1.1673 -0.0106  1.1429
4   8913 -0.0043  1.1654 -0.0004  1.1547
3  10000 -0.0138  1.1676 -0.0019  1.1499
312    100  0.0249  1.1638 -0.0014  0.1110
279    112  0.0194  1.1733 -0.0018  0.1218
248    126 -0.0120  1.1672 -0.0020  0.1373
222    141 -0.0334  1.1638 -0.0077  0.1525
198    158  0.0381  1.1715  0.0011  0.1697
176    178 -0.0124  1.1686 -0.0023  0.1905
156    200 -0.0081  1.1636  0.0001  0.2139
140    224 -0.0188  1.1695 -0.0060  0.2380
125    251 -0.0032  1.1680 -0.0027  0.2635
111    282 -0.0028  1.1664 -0.0020  0.2948
99    316  0.0022  1.1672 -0.0019  0.3233
88    355 -0.0059  1.1686 -0.0046  0.3606
79    398 -0.0166  1.1640  0.0008  0.3970
70    447 -0.0005  1.1676 -0.0011  0.4376
62    501  0.0009  1.1671 -0.0017  0.4820
56    562 -0.0198  1.1634 -0.0090  0.5287
50    631 -0.0155  1.1668 -0.0045  0.5757
44    708 -0.0037  1.1650 -0.0055  0.6278
39    794 -0.0048  1.1685 -0.0019  0.6774
35    891 -0.0085  1.1665 -0.0020  0.7273
31   1000 -0.0075  1.1679 -0.0058  0.7762
28   1122 -0.0080  1.1678 -0.0014  0.8232
25   1259 -0.0034  1.1704 -0.0025  0.8680
22   1413 -0.0107  1.1668 -0.0053  0.9054
20   1585 -0.0028  1.1658  0.0012  0.9417
18   1778 -0.0160  1.1634 -0.0082  0.9752
16   1995 -0.0092  1.1709 -0.0056  1.0087
14   2239  0.0016  1.1633  0.0032  1.0290
12   2512 -0.0104  1.1768 -0.0031  1.0632
11   2818 -0.0063  1.1625 -0.0064  1.0725
10   3162 -0.0066  1.1747 -0.0034  1.0870
9   3548  0.0009  1.1699  0.0039  1.1013
8   3981 -0.0017  1.1721 -0.0011  1.1125
7   4467  0.0026  1.1683  0.0078  1.1171
6   5012 -0.0113  1.1707 -0.0025  1.1284
6   5623 -0.0015  1.1578  0.0843  1.1031
5   6310 -0.0153  1.1707 -0.0060  1.1462
4   7079 -0.0164  1.1705 -0.0114  1.1439
4   7943 -0.0088  1.1650 -0.0014  1.1403
4   8913 -0.0149  1.1816 -0.0119  1.1568
3  10000 -0.0055  1.1708  0.0034  1.1478
312    100 -0.0070  1.1721  0.0008  0.1102
279    112  0.0049  1.1620  0.0009  0.1217
248    126 -0.0177  1.1704 -0.0033  0.1367
222    141 -0.0082  1.1690 -0.0014  0.1528
198    158 -0.0151  1.1658  0.0015  0.1706
176    178 -0.0035  1.1674 -0.0045  0.1899
156    200 -0.0183  1.1682 -0.0055  0.2130
140    224  0.0065  1.1700  0.0003  0.2369
125    251 -0.0114  1.1664  0.0016  0.2658
111    282 -0.0092  1.1686 -0.0025  0.2934
99    316 -0.0118  1.1664 -0.0031  0.3241
88    355 -0.0094  1.1690 -0.0021  0.3588
79    398 -0.0121  1.1702 -0.0056  0.3975
70    447 -0.0020  1.1659  0.0026  0.4392
62    501  0.0012  1.1670  0.0001  0.4817
56    562 -0.0027  1.1689 -0.0061  0.5273
50    631 -0.0058  1.1668 -0.0002  0.5779
44    708 -0.0095  1.1662 -0.0042  0.6263
39    794 -0.0052  1.1654 -0.0037  0.6762
35    891 -0.0025  1.1666  0.0011  0.7284
31   1000 -0.0083  1.1692 -0.0064  0.7750
28   1122 -0.0154  1.1672 -0.0084  0.8243
25   1259 -0.0052  1.1668 -0.0058  0.8673
22   1413 -0.0066  1.1644 -0.0030  0.9084
20   1585 -0.0073  1.1696 -0.0025  0.9423
18   1778 -0.0089  1.1678 -0.0073  0.9761
16   1995 -0.0063  1.1664 -0.0026  1.0028
14   2239 -0.0057  1.1681  0.0009  1.0392
12   2512  0.0007  1.1580  0.0034  1.0554
11   2818  0.0027  1.1672  0.0005  1.0626
10   3162 -0.0053  1.1708 -0.0027  1.0919
9   3548 -0.0062  1.1677 -0.0047  1.1011
8   3981 -0.0119  1.1684 -0.0119  1.1080
7   4467  0.0049  1.1684  0.0056  1.1213
6   5012 -0.0348  1.1695 -0.0379  1.1243
6   5623  0.1156  1.1454  0.1014  1.1390
5   6310 -0.0221  1.1755 -0.0332  1.1388
4   7079 -0.0146  1.1676 -0.0087  1.1424
4   7943 -0.0098  1.1699  0.0017  1.1388
4   8913 -0.0113  1.1755 -0.0034  1.1548
3  10000 -0.0141  1.1674 -0.0046  1.1484
312    100  0.0075  1.1724  0.0013  0.1082
279    112  0.0146  1.1647  0.0006  0.1227
248    126 -0.0222  1.1739 -0.0031  0.1361
222    141 -0.0061  1.1686 -0.0023  0.1528
198    158 -0.0097  1.1692 -0.0026  0.1704
176    178 -0.0290  1.1653 -0.0015  0.1905
156    200 -0.0072  1.1641 -0.0067  0.2127
140    224  0.0113  1.1673 -0.0006  0.2386
125    251 -0.0124  1.1672 -0.0034  0.2659
111    282 -0.0067  1.1697 -0.0006  0.2949
99    316 -0.0017  1.1690 -0.0038  0.3243
88    355 -0.0043  1.1673 -0.0014  0.3590
79    398 -0.0139  1.1676  0.0026  0.3987
70    447 -0.0301  1.1647 -0.0033  0.4393
62    501 -0.0074  1.1648 -0.0044  0.4820
56    562 -0.0010  1.1630 -0.0029  0.5283
50    631  0.0022  1.1633 -0.0076  0.5780
44    708 -0.0126  1.1652 -0.0046  0.6267
39    794 -0.0063  1.1676 -0.0065  0.6777
35    891 -0.0039  1.1676 -0.0060  0.7262
31   1000 -0.0115  1.1674 -0.0034  0.7742
28   1122 -0.0152  1.1657 -0.0076  0.8218
25   1259 -0.0133  1.1713 -0.0098  0.8668
22   1413 -0.0098  1.1722 -0.0052  0.9083
20   1585 -0.0041  1.1672 -0.0022  0.9474
18   1778 -0.0052  1.1670 -0.0040  0.9793
16   1995 -0.0096  1.1684 -0.0066  1.0039
14   2239 -0.0070  1.1668  0.0000  1.0298
12   2512 -0.0010  1.1703  0.0018  1.0460
11   2818 -0.0146  1.1650 -0.0112  1.0702
10   3162 -0.0070  1.1686 -0.0011  1.0827
9   3548 -0.0058  1.1696  0.0001  1.0985
8   3981 -0.0067  1.1623  0.0053  1.1072
7   4467  0.0035  1.1697 -0.0042  1.1224
6   5012 -0.0226  1.1689 -0.0174  1.1292
6   5623  0.1168  1.1485  0.0398  1.0956
5   6310 -0.0016  1.1725  0.0048  1.1405
4   7079 -0.0101  1.1730  0.0003  1.1467
4   7943 -0.0197  1.1662 -0.0119  1.1457
4   8913 -0.0211  1.1801 -0.0112  1.1505
3  10000 -0.0035  1.1653  0.0016  1.1471
312    100  0.0202  1.1666 -0.0017  0.1096
279    112  0.0102  1.1669  0.0017  0.1229
248    126 -0.0473  1.1680 -0.0025  0.1374
222    141 -0.0262  1.1709 -0.0005  0.1518
198    158 -0.0081  1.1696 -0.0040  0.1701
176    178 -0.0112  1.1701 -0.0019  0.1900
156    200  0.0130  1.1705 -0.0022  0.2122
140    224 -0.0248  1.1647 -0.0023  0.2387
125    251  0.0037  1.1703 -0.0011  0.2631
111    282 -0.0053  1.1693 -0.0015  0.2937
99    316 -0.0142  1.1654  0.0013  0.3274
88    355 -0.0068  1.1673 -0.0020  0.3600
79    398  0.0018  1.1696  0.0052  0.3976
70    447  0.0011  1.1652  0.0006  0.4389
62    501 -0.0125  1.1648 -0.0057  0.4817
56    562 -0.0094  1.1658 -0.0073  0.5283
50    631 -0.0181  1.1645 -0.0066  0.5767
44    708 -0.0022  1.1642 -0.0027  0.6273
39    794 -0.0099  1.1653 -0.0076  0.6775
35    891 -0.0057  1.1670 -0.0011  0.7292
31   1000 -0.0041  1.1685 -0.0034  0.7767
28   1122 -0.0104  1.1678 -0.0050  0.8253
25   1259 -0.0122  1.1702 -0.0071  0.8683
22   1413 -0.0039  1.1680 -0.0013  0.9068
20   1585 -0.0126  1.1679 -0.0060  0.9452
18   1778 -0.0143  1.1683 -0.0055  0.9790
16   1995 -0.0081  1.1672 -0.0065  1.0104
14   2239 -0.0107  1.1634 -0.0030  1.0338
12   2512 -0.0113  1.1770 -0.0059  1.0745
11   2818 -0.0151  1.1631 -0.0084  1.0710
10   3162 -0.0094  1.1674  0.0008  1.0872
9   3548 -0.0084  1.1686 -0.0020  1.0971
8   3981 -0.0108  1.1690 -0.0026  1.1121
7   4467 -0.0142  1.1699 -0.0121  1.1271
6   5012 -0.0179  1.1661 -0.0126  1.1226
6   5623 -0.0482  1.1478 -0.1123  1.0950
5   6310 -0.0309  1.1665 -0.0248  1.1373
4   7079 -0.0103  1.1713 -0.0095  1.1397
4   7943 -0.0174  1.1669 -0.0080  1.1418
4   8913 -0.0156  1.1791 -0.0066  1.1487
3  10000 -0.0111  1.1724  0.0024  1.1527
312    100 -0.0306  1.1683 -0.0044  0.1077
279    112 -0.0243  1.1686 -0.0044  0.1224
248    126  0.0022  1.1704 -0.0027  0.1370
222    141 -0.0076  1.1675  0.0059  0.1525
198    158 -0.0504  1.1717 -0.0060  0.1694
176    178 -0.0008  1.1686 -0.0023  0.1911
156    200 -0.0006  1.1645 -0.0049  0.2126
140    224  0.0142  1.1658 -0.0005  0.2374
125    501 -0.0158  1.1671 -0.0128  0.4299
56    562 -0.0110  1.1663 -0.0031  0.5162
50    631 -0.0030  1.1650 -0.0128  0.4604
44    708 -0.0105  1.1660 -0.0065  0.5961
39    794 -0.0098  1.1641 -0.0098  0.6277
35    891 -0.0007  1.1683 -0.0024  0.7021
31   1000 -0.0110  1.1670 -0.0090  0.7318
28   1122 -0.0130  1.1675 -0.0080  0.8043
25   1259 -0.0043  1.1664 -0.0057  0.8555
22   1413 -0.0058  1.1674 -0.0006  0.9007
20   1585 -0.0101  1.1667 -0.0043  0.9356
18   1778 -0.0103  1.1711 -0.0020  0.9658
16   1995 -0.0065  1.1702 -0.0027  0.9905
14   2239 -0.0012  1.1770  0.0034  1.0143
12   2512 -0.0122  1.1731 -0.0090  1.0311
11   2818  0.0054  1.1736  0.0069  1.0603
10   3162 -0.0085  1.1714 -0.0025  1.0632
9   3548 -0.0076  1.1679 -0.0023  1.0695
8   3981 -0.0144  1.1661 -0.0055  1.0738
7   4467  0.0020  1.1677 -0.0010  1.0735
6   5012 -0.0220  1.1639 -0.0324  1.0739
6   5623 -0.0425  1.1667 -0.1047  1.0779
5   6310  0.0065  1.1668  0.0071  1.0691
4   7079 -0.0180  1.1686 -0.0099  1.0782
4   7943 -0.0112  1.1640 -0.0056  1.0722
4   8913 -0.0085  1.1773  0.0012  1.0749
3  10000 -0.0088  1.1693 -0.0056  1.0784
312    100  0.0238  1.1630 -0.0008  0.1103
279    112  0.0280  1.1731 -0.0005  0.1218
248    126  0.0216  1.1603  0.0006  0.1365
222    141 -0.0033  1.1675 -0.0032  0.1531
198    158 -0.0144  1.1647 -0.0045  0.1698
176    178 -0.0327  1.1705 -0.0039  0.1908
156    200 -0.0223  1.1686 -0.0053  0.2128
140    224  0.0059  1.1667 -0.0050  0.2365
125    251 -0.0192  1.1722 -0.0022  0.2623
111    282 -0.0032  1.1697 -0.0015  0.2912
99    316 -0.0072  1.1693 -0.0038  0.3215
88    355 -0.0055  1.1665 -0.0012  0.3577
79    398  0.0011  1.1685  0.0059  0.3954
70    447 -0.0082  1.1658  0.0061  0.4345
62    501 -0.0134  1.1671 -0.0033  0.4762
56    562 -0.0067  1.1673 -0.0070  0.5206
50    631 -0.0039  1.1671 -0.0052  0.5695
44    708 -0.0052  1.1665 -0.0013  0.6165
39    794 -0.0091  1.1693 -0.0048  0.6650
35    891 -0.0128  1.1696 -0.0069  0.7127
31   1000 -0.0026  1.1679  0.0014  0.7596
28   1122 -0.0141  1.1676 -0.0063  0.8044
25   1259 -0.0021  1.1717 -0.0001  0.8442
22   1413 -0.0047  1.1652 -0.0058  0.8795
20   1585 -0.0079  1.1705 -0.0012  0.9086
18   1778 -0.0099  1.1677 -0.0058  0.9394
16   1995 -0.0046  1.1674 -0.0024  0.9575
14   2239 -0.0120  1.1768 -0.0088  0.9825
12   2512 -0.0036  1.1656  0.0017  0.9933
11   2818 -0.0024  1.1722  0.0037  1.0234
10   3162 -0.0067  1.1698 -0.0008  1.0379
9   3548 -0.0185  1.1673 -0.0162  1.0501
8   3981 -0.0007  1.1696  0.0038  1.0587
7   4467  0.0006  1.1662  0.0093  1.0647
6   5012  0.0148  1.1678  0.0126  1.0634
6   5623  0.0642  1.1396  0.0154  1.0248
5   6310 -0.0005  1.1742  0.0009  1.0784
4   7079 -0.0038  1.1687  0.0014  1.0700
4   7943 -0.0120  1.1725 -0.0028  1.0584
4   8913 -0.0135  1.1778 -0.0066  1.0655
3  10000 -0.0081  1.1705  0.0040  1.0577
312    100 -0.0311  1.1671 -0.0010  0.1096
279    112 -0.0323  1.1731 -0.0037  0.1225
248    126 -0.0077  1.1712 -0.0038  0.1366
222    141  0.0387  1.1673 -0.0052  0.1519
198    158 -0.0030  1.1668 -0.0041  0.1685
176    178 -0.0111  1.1678 -0.0045  0.1901
156    200  0.0019  1.1665  0.0007  0.2133
140    224 -0.0114  1.1706 -0.0064  0.2360
125    251 -0.0070  1.1642  0.0014  0.2628
111    282 -0.0069  1.1698 -0.0024  0.2914
99    316 -0.0159  1.1668 -0.0029  0.3215
88    355 -0.0035  1.1661 -0.0029  0.3555
79    398 -0.0130  1.1681  0.0023  0.3916
70    447 -0.0295  1.1647 -0.0040  0.4291
62    501 -0.0085  1.1651 -0.0060  0.4690
56    562 -0.0066  1.1650 -0.0073  0.5112
50    631 -0.0101  1.1693 -0.0119  0.5514
44    708 -0.0080  1.1679 -0.0059  0.5903
39    794 -0.0122  1.1684 -0.0114  0.6335
35    891 -0.0057  1.1680 -0.0064  0.6774
31   1000 -0.0121  1.1672 -0.0100  0.7177
28   1122 -0.0063  1.1678 -0.0059  0.7521
25   1259 -0.0064  1.1663 -0.0046  0.7999
22   1413 -0.0049  1.1696 -0.0019  0.8339
20   1585 -0.0115  1.1685 -0.0107  0.8579
18   1778 -0.0054  1.1714 -0.0066  0.8840
16   1995 -0.0133  1.1642 -0.0096  0.9030
14   2239 -0.0040  1.1736 -0.0014  0.9283
12   2512 -0.0036  1.1755 -0.0038  0.9381
11   2818 -0.0115  1.1750 -0.0099  0.9579
10   3162 -0.0036  1.1728 -0.0011  0.9621
9   3548 -0.0232  1.1670 -0.0173  0.9652
8   3981  0.0000  1.1660 -0.0093  0.9716
7   4467 -0.0090  1.1676 -0.0144  0.9913
6   5012 -0.0354  1.1683 -0.0324  1.0085
6   5623  0.0411  1.1318  0.0318  1.0022
5   6310 -0.0046  1.1756 -0.0110  1.0327
4   7079 -0.0083  1.1714 -0.0089  1.0354
4   7943 -0.0176  1.1651 -0.0108  1.0451
4   8913 -0.0132  1.1793 -0.0093  1.1110
3  10000 -0.0245  1.1727 -0.0176  1.1251
312    100  0.0222  1.1651 -0.0010  0.1096
279    112  0.0198  1.1730 -0.0028  0.1205
248    126 -0.0121  1.1671 -0.0018  0.1368
222    141  0.0028  1.1678 -0.0070  0.1529
198    158 -0.0050  1.1697 -0.0043  0.1694
176    178 -0.0120  1.1695 -0.0027  0.1911
156    200 -0.0091  1.1642 -0.0005  0.2136
140    224 -0.0263  1.1649 -0.0027  0.2374
125    251 -0.0108  1.1671 -0.0000  0.2639
111    282 -0.0098  1.1682 -0.0023  0.2929
99    316  0.0002  1.1654 -0.0004  0.3241
88    355 -0.0023  1.1682  0.0010  0.3585
79    398 -0.0157  1.1678 -0.0033  0.3937
70    447  0.0031  1.1689  0.0021  0.4354
62    501 -0.0130  1.1671 -0.0041  0.4786
56    562  0.0038  1.1664 -0.0075  0.5221
50    631 -0.0048  1.1671  0.0017  0.5717
44    708 -0.0107  1.1653 -0.0063  0.6169
39    794 -0.0015  1.1665 -0.0027  0.6615
35    891 -0.0095  1.1653 -0.0009  0.7035
31   1000 -0.0011  1.1655 -0.0037  0.7317
28   1122 -0.0112  1.1668 -0.0095  0.7637
25   1259 -0.0129  1.1659 -0.0057  0.7967
22   1413 -0.0119  1.1682 -0.0091  0.8268
20   1585 -0.0108  1.1679 -0.0064  0.8595
18   1778 -0.0084  1.1689 -0.0077  0.8780
16   1995 -0.0066  1.1674 -0.0067  0.8978
14   2239 -0.0079  1.1721 -0.0074  0.9100
12   2512 -0.0062  1.1711 -0.0039  0.9332
11   2818 -0.0142  1.1645 -0.0120  0.9374
10   3162 -0.0073  1.1677 -0.0099  0.9445
9   3548  0.0019  1.1714 -0.0002  0.9503
8   3981 -0.0025  1.1696 -0.0005  0.9510
7   4467 -0.0041  1.1698 -0.0033  0.9570
6   5012 -0.0327  1.1673 -0.0289  0.9620
6   5623 -0.0106  1.1676  0.0023  0.9742
5   6310 -0.0505  1.1645 -0.0238  0.9687
4   7079  0.0002  1.1711  0.0007  0.9706
4   7943 -0.0136  1.1679 -0.0057  0.9745
4   8913 -0.0057  1.1815 -0.0047  0.9960
3  10000 -0.0225  1.1710 -0.0130  1.0011
312    100  0.0180  1.1659 -0.0061  0.1098
279    112  0.0181  1.1718 -0.0045  0.1207
248    126 -0.0037  1.1661 -0.0025  0.1365
222    141 -0.0030  1.1663 -0.0048  0.1518
198    158  0.0428  1.1672  0.0000  0.1691
176    178 -0.0119  1.1704 -0.0051  0.1888
156    200 -0.0122  1.1646 -0.0012  0.2120
140    224  0.0047  1.1688 -0.0083  0.2358
125    251  0.0041  1.1685 -0.0031  0.2614
111    282 -0.0121  1.1667 -0.0046  0.2911
99    316 -0.0154  1.1663 -0.0040  0.3214
88    355 -0.0063  1.1666 -0.0032  0.3528
79    398 -0.0149  1.1655  0.0005  0.3885
70    447 -0.0002  1.1667 -0.0038  0.4276
62    501 -0.0014  1.1667 -0.0046  0.4680
56    562 -0.0101  1.1640 -0.0004  0.5113
50    631  0.0008  1.1675 -0.0014  0.5558
44    708 -0.0115  1.1649 -0.0072  0.5993
39    794 -0.0111  1.1673 -0.0101  0.6456
35    891 -0.0058  1.1671 -0.0039  0.6897
31   1000 -0.0077  1.1701 -0.0073  0.7311
28   1122 -0.0117  1.1675 -0.0083  0.7715
25   1259  0.0018  1.1678 -0.0020  0.8058
22   1413 -0.0059  1.1661 -0.0063  0.8429
20   1585 -0.0157  1.1636 -0.0105  0.8709
18   1778 -0.0011  1.1648  0.0000  0.8971
16   1995 -0.0048  1.1655 -0.0030  0.9134
14   2239 -0.0026  1.1758 -0.0011  0.9419
12   2512 -0.0041  1.1402 -0.0035  0.9377
11   2818 -0.0149  1.1812 -0.0066  0.9770
10   3162 -0.0076  1.1696 -0.0055  0.9796
9   3548 -0.0119  1.1686 -0.0068  0.9905
8   3981 -0.0100  1.1668 -0.0052  0.9974
7   4467 -0.0025  1.1699  0.0001  1.0046
6   5012 -0.0088  1.1723 -0.0077  1.0047
6   5623  0.0433  1.1444  0.0377  0.9921
5   6310  0.0192  1.1676  0.0046  1.0250
4   7079 -0.0096  1.1706 -0.0089  1.0227
4   7943 -0.0024  1.1696 -0.0027  1.0246
4   8913 -0.0088  1.1627 -0.0096  1.0333
3  10000 -0.0132  1.1732  0.0001  1.0293
312    100 -0.0379  1.1640 -0.0053  0.1085
279    112 -0.0259  1.1660 -0.0036  0.1212
248    126  0.0001  1.1671 -0.0046  0.1363
222    141 -0.0059  1.1681 -0.0022  0.1527
198    158  0.0001  1.1668 -0.0022  0.1684
176    178  0.0178  1.1686 -0.0017  0.1904
156    200  0.0055  1.1698 -0.0012  0.2133
140    224 -0.0165  1.1699 -0.0080  0.2351
125    251 -0.0069  1.1635 -0.0016  0.2618
111    282 -0.0002  1.1740 -0.0071  0.2894
99    316 -0.0104  1.1668 -0.0013  0.3218
88    355 -0.0064  1.1679 -0.0040  0.3536
79    398  0.0109  1.1667 -0.0016  0.3899
70    447 -0.0237  1.1642 -0.0004  0.4293
62    501 -0.0124  1.1653 -0.0033  0.4691
56    562 -0.0143  1.1651 -0.0058  0.5129
50    631 -0.0174  1.1627 -0.0050  0.5586
44    708 -0.0034  1.1657 -0.0042  0.6019
39    794 -0.0124  1.1650 -0.0042  0.6478
35    891 -0.0122  1.1683 -0.0083  0.6928
31   1000 -0.0059  1.1668 -0.0004  0.7353
28   1122  0.0002  1.1673  0.0010  0.7739
25   1259 -0.0105  1.1649 -0.0050  0.8133
22   1413 -0.0082  1.1659 -0.0029  0.8458
20   1585 -0.0040  1.1694 -0.0056  0.8783
18   1778 -0.0023  1.1654 -0.0019  0.9022
16   1995 -0.0078  1.1680 -0.0041  0.9267
14   2239 -0.0055  1.1692 -0.0073  0.9517
12   2512 -0.0118  1.1473 -0.0093  0.9559
11   2818 -0.0163  1.1600 -0.0113  0.9781
10   3162 -0.0002  1.1747  0.0011  0.9903
9   3548 -0.0174  1.1692 -0.0114  0.9988
8   3981 -0.0006  1.1673 -0.0009  1.0063
7   4467 -0.0094  1.1665 -0.0149  1.0145
6   5012 -0.0256  1.1691 -0.0211  1.0238
6   5623  0.2278  1.1248  0.1575  0.9741
5   6310 -0.0082  1.1748 -0.0018  1.0289
4   7079 -0.0065  1.1693 -0.0043  1.0310
4   7943 -0.0116  1.1713 -0.0125  1.0298
4   8913  0.0029  1.1761 -0.0039  1.0333
3  10000 -0.0115  1.1715  0.0034  1.0322
312    100  0.0234  1.1644 -0.0025  0.1093
279    112  0.0156  1.1705 -0.0005  0.1208
248    126 -0.0108  1.1685  0.0009  0.1345
222    141 -0.0073  1.1699 -0.0028  0.1522
198    158 -0.0050  1.1703 -0.0032  0.1691
176    178 -0.0127  1.1702 -0.0040  0.1891
156    200  0.0114  1.1721 -0.0022  0.2112
140    224 -0.0269  1.1671 -0.0065  0.2354
125    251 -0.0001  1.1669 -0.0009  0.2622
111    282 -0.0027  1.1683 -0.0026  0.2904
99    316  0.0014  1.1635 -0.0026  0.3212
88    355 -0.0089  1.1684 -0.0037  0.3551
79    398  0.0038  1.1690  0.0045  0.3910
70    447 -0.0120  1.1663 -0.0032  0.4314
62    501 -0.0152  1.1665 -0.0063  0.4709
56    562 -0.0119  1.1665 -0.0081  0.5120
50    631 -0.0159  1.1651 -0.0072  0.5579
44    708 -0.0054  1.1674 -0.0018  0.6032
39    794 -0.0165  1.1652 -0.0087  0.6494
35    891 -0.0014  1.1674 -0.0055  0.6924
31   1000 -0.0079  1.1654 -0.0072  0.7375
28   1122 -0.0143  1.1664 -0.0096  0.7747
25   1259 -0.0114  1.1658 -0.0054  0.8142
22   1413 -0.0099  1.1709 -0.0077  0.8518
20   1585 -0.0048  1.1696 -0.0046  0.8806
18   1778 -0.0125  1.1676 -0.0064  0.9032
16   1995 -0.0079  1.1642 -0.0041  0.9261
14   2239 -0.0008  1.1754  0.0017  0.9501
12   2512 -0.0097  1.1676 -0.0066  0.9674
11   2818 -0.0055  1.1744 -0.0039  0.9936
10   3162 -0.0078  1.1690 -0.0068  0.9926
9   3548 -0.0086  1.1689 -0.0032  1.0023
8   3981 -0.0099  1.1655 -0.0075  1.0085
7   4467 -0.0096  1.1652 -0.0175  1.0187
6   5012 -0.0303  1.1665 -0.0203  1.0207
6   5623  0.1176  1.1306  0.0819  1.0251
5   6310 -0.0165  1.1692 -0.0042  1.0341
4   7079  0.0050  1.1722  0.0017  1.0358
4   7943 -0.0115  1.1638 -0.0031  1.0320
4   8913 -0.0076  1.1690 -0.0055  1.0354
3  10000 -0.0011  1.1709  0.0010  1.0371
312    100 -0.0332  1.1664 -0.0037  0.1091
279    112 -0.0220  1.1665 -0.0056  0.1228
248    126  0.0039  1.1714 -0.0044  0.1362
222    141 -0.0317  1.1664 -0.0043  0.1523
198    158 -0.0116  1.1678 -0.0037  0.1689
176    178 -0.0045  1.1677 -0.0031  0.1896
156    200  0.0064  1.1678 -0.0046  0.2115
140    224  0.0073  1.1694 -0.0005  0.2350
125    251  0.0048  1.1701 -0.0039  0.2614
111    282 -0.0020  1.1674 -0.0036  0.2905
99    316  0.0010  1.1689  0.0000  0.3208
88    355  0.0185  1.1665  0.0018  0.3542
79    398  0.0047  1.1652 -0.0016  0.3915
70    447 -0.0127  1.1656 -0.0029  0.4300
62    501 -0.0060  1.1649 -0.0058  0.4703
56    562 -0.0041  1.1660 -0.0055  0.5136
50    631 -0.0073  1.1646 -0.0030  0.5587
44    708 -0.0121  1.1678 -0.0087  0.6026
39    794 -0.0040  1.1669 -0.0057  0.6467
35    891 -0.0080  1.1648 -0.0022  0.6924
31   1000 -0.0059  1.1694 -0.0059  0.7351
28   1122 -0.0082  1.1678 -0.0088  0.7749
25   1259 -0.0109  1.1639 -0.0043  0.8128
22   1413 -0.0125  1.1654 -0.0069  0.8469
20   1585 -0.0123  1.1660 -0.0100  0.8769
18   1778 -0.0055  1.1673 -0.0046  0.9025
16   1995 -0.0061  1.1686 -0.0037  0.9250
14   2239 -0.0087  1.1686 -0.0058  0.9470
12   2512 -0.0117  1.1653 -0.0084  0.9628
11   2818 -0.0018  1.1711  0.0004  0.9770
10   3162 -0.0078  1.1627 -0.0094  0.9796
9   3548 -0.0128  1.1704 -0.0077  0.9967
8   3981 -0.0012  1.1716 -0.0031  1.0076
7   4467 -0.0037  1.1652  0.0007  1.0098
6   5012  0.0002  1.1656 -0.0131  1.0144
6   5623  0.0174  1.1522  0.0810  0.9969
5   6310 -0.0184  1.1701 -0.0092  1.0259
4   7079 -0.0003  1.1708  0.0001  1.0264
4   7943 -0.0080  1.1639 -0.0009  1.0287
4   8913 -0.0118  1.1645 -0.0096  1.0464
3  10000 -0.0136  1.1695 -0.0108  1.0371
312    100 -0.0320  1.1662 -0.0031  0.1095
279    112 -0.0329  1.1731 -0.0041  0.1202
248    126 -0.0050  1.1650 -0.0045  0.1369
222    141 -0.0086  1.1665 -0.0033  0.1519
198    158  0.0016  1.1694 -0.0092  0.1695
176    178 -0.0037  1.1668 -0.0025  0.1889
156    200  0.0070  1.1700 -0.0057  0.2112
140    224 -0.0243  1.1656 -0.0021  0.2360
125    251 -0.0078  1.1659 -0.0014  0.2640
111    282 -0.0016  1.1661 -0.0040  0.2905
99    316  0.0000  1.1672 -0.0024  0.3224
88    355 -0.0068  1.1664 -0.0035  0.3573
79    398 -0.0035  1.1679 -0.0050  0.3947
70    447 -0.0030  1.1650  0.0013  0.4338
62    501  0.0008  1.1676  0.0003  0.4755
56    562 -0.0116  1.1636  0.0022  0.5222
50    631 -0.0009  1.1670 -0.0044  0.5672
44    708 -0.0083  1.1676 -0.0021  0.6155
39    794 -0.0103  1.1649 -0.0030  0.6629
35    891 -0.0044  1.1674 -0.0009  0.7137
31   1000 -0.0044  1.1686 -0.0049  0.7585
28   1122 -0.0117  1.1666 -0.0092  0.8038
25   1259 -0.0089  1.1683 -0.0011  0.8441
22   1413 -0.0051  1.1667 -0.0023  0.8788
20   1585 -0.0072  1.1684 -0.0021  0.9157
18   1778 -0.0123  1.1675 -0.0062  0.9486
16   1995 -0.0059  1.1688 -0.0029  0.9752
14   2239 -0.0035  1.1762  0.0028  0.9924
12   2512 -0.0082  1.1676 -0.0029  1.0149
11   2818 -0.0045  1.1578 -0.0030  1.0187
10   3162 -0.0037  1.1653 -0.0008  1.0488
9   3548 -0.0097  1.1656 -0.0035  1.0581
8   3981  0.0004  1.1692 -0.0003  1.0743
7   4467  0.0085  1.1671  0.0086  1.0836
6   5012  0.0417  1.1708  0.0311  1.0864
6   5623 -0.1880  1.1568 -0.1615  1.0729
5   6310 -0.0326  1.1692 -0.0286  1.0948
4   7079 -0.0086  1.1698 -0.0038  1.0998
4   7943 -0.0145  1.1676 -0.0057  1.1035
4   8913 -0.0227  1.1766 -0.0060  1.1176
3  10000 -0.0025  1.1681  0.0066  1.1019
312    100  0.0213  1.1646  0.0004  0.1092
279    112  0.0250  1.1718 -0.0017  0.1219
248    126 -0.0162  1.1700 -0.0026  0.1363
222    141 -0.0066  1.1693 -0.0018  0.1520
198    158 -0.0070  1.1688 -0.0025  0.1688
176    178 -0.0092  1.1623 -0.0052  0.1907
156    200 -0.0096  1.1650 -0.0064  0.2135
140    224 -0.0037  1.1711  0.0006  0.2360
125    251 -0.0066  1.1641 -0.0053  0.2627
111    282 -0.0172  1.1704  0.0015  0.2925
99    316  0.0029  1.1652 -0.0006  0.3229
88    355 -0.0059  1.1680 -0.0014  0.3580
79    398 -0.0174  1.1678 -0.0039  0.3947
70    447 -0.0152  1.1678 -0.0021  0.4355
62    501 -0.0081  1.1666 -0.0038  0.4766
56    562 -0.0039  1.1670 -0.0054  0.5229
50    631 -0.0013  1.1628 -0.0048  0.5718
44    708 -0.0112  1.1665 -0.0068  0.6183
39    794 -0.0086  1.1674 -0.0056  0.6657
35    891 -0.0020  1.1698 -0.0010  0.7149
31   1000 -0.0107  1.1675 -0.0070  0.7623
28   1122 -0.0093  1.1651 -0.0046  0.8094
25   1259 -0.0024  1.1709  0.0003  0.8492
22   1413 -0.0003  1.1706  0.0025  0.8869
20   1585 -0.0097  1.1679 -0.0076  0.9187
18   1778 -0.0054  1.1705 -0.0060  0.9512
16   1995 -0.0065  1.1704 -0.0035  0.9791
14   2239 -0.0128  1.1702 -0.0044  1.0071
12   2512 -0.0030  1.1732 -0.0010  1.0132
11   2818  0.0065  1.1640  0.0083  1.0357
10   3162 -0.0078  1.1659 -0.0014  1.0517
9   3548 -0.0032  1.1685 -0.0064  1.0656
8   3981 -0.0013  1.1683 -0.0017  1.0780
7   4467 -0.0006  1.1675  0.0045  1.0892
6   5012 -0.0023  1.1643 -0.0091  1.0989
6   5623  0.3117  1.1104  0.2315  1.0765
5   6310 -0.0194  1.1716 -0.0091  1.1098
4   7079 -0.0210  1.1707 -0.0106  1.1084
4   7943 -0.0166  1.1654 -0.0075  1.1013
4   8913 -0.0057  1.1751 -0.0021  1.1121
3  10000 -0.0130  1.1706 -0.0010  1.1006
312    100 -0.0308  1.1676  0.0001  0.1090
279    112 -0.0321  1.1726 -0.0028  0.1218
248    126 -0.0211  1.1692 -0.0080  0.1367
222    141 -0.0117  1.1671 -0.0033  0.1530
198    158 -0.0012  1.1676 -0.0005  0.1701
176    178 -0.0059  1.1659 -0.0041  0.1916
156    200 -0.0174  1.1669 -0.0015  0.2120
140    224  0.0037  1.1688 -0.0047  0.2377
125    251 -0.0167  1.1697 -0.0026  0.2623
111    282 -0.0114  1.1682 -0.0037  0.2906
99    316  0.0015  1.1647 -0.0028  0.3207
88    355 -0.0019  1.1685 -0.0021  0.3570
79    398 -0.0202  1.1662 -0.0026  0.3916
70    447 -0.0129  1.1654 -0.0058  0.4315
62    501 -0.0103  1.1648 -0.0016  0.4722
56    562 -0.0027  1.1646 -0.0021  0.5137
50    631  0.0025  1.1651 -0.0058  0.5613
44    708 -0.0114  1.1655 -0.0057  0.6050
39    794 -0.0032  1.1671 -0.0070  0.6531
35    891 -0.0027  1.1695 -0.0031  0.6969
31   1000 -0.0124  1.1659 -0.0075  0.7411
28   1122 -0.0097  1.1697 -0.0038  0.7800
25   1259 -0.0055  1.1676 -0.0008  0.8208
22   1413 -0.0066  1.1719 -0.0027  0.8547
20   1585 -0.0080  1.1719 -0.0041  0.8861
18   1778 -0.0138  1.1711 -0.0046  0.9120
16   1995 -0.0153  1.1631 -0.0100  0.9355
14   2239 -0.0014  1.1710  0.0013  0.9522
12   2512  0.0002  1.1816  0.0013  0.9694
11   2818 -0.0029  1.1692 -0.0020  0.9788
10   3162 -0.0086  1.1665 -0.0043  0.9992
9   3548 -0.0076  1.1625 -0.0092  1.0038
8   3981 -0.0170  1.1693 -0.0109  1.0175
7   4467  0.0060  1.1653  0.0030  1.0210
6   5012 -0.0354  1.1679 -0.0253  1.0294
6   5623  0.0840  1.1479  0.0718  1.0078
5   6310 -0.0138  1.1751 -0.0146  1.0417
4   7079  0.0039  1.1691  0.0098  1.0394
4   7943 -0.0162  1.1702 -0.0056  1.0415
4   8913 -0.0164  1.1781 -0.0092  1.0474
3  10000 -0.0012  1.1702 -0.0118  1.0461
312    100 -0.0208  1.1700 -0.0010  0.1094
279    112 -0.0287  1.1690 -0.0026  0.1214
248    126 -0.0081  1.1657 -0.0039  0.1371
222    141  0.0063  1.1719 -0.0041  0.1526
198    158 -0.0038  1.1697  0.0007  0.1691
176    178 -0.0024  1.1682 -0.0043  0.1898
156    200 -0.0184  1.1671 -0.0054  0.2118
140    224  0.0076  1.1684 -0.0055  0.2361
125    251 -0.0146  1.1668 -0.0054  0.2624
111    282 -0.0115  1.1674 -0.0036  0.2915
99    316 -0.0051  1.1687 -0.0047  0.3212
88    355 -0.0297  1.1700 -0.0096  0.3550
79    398 -0.0190  1.1672 -0.0026  0.3918
70    447  0.0008  1.1671 -0.0010  0.4304
62    501 -0.0169  1.1661 -0.0054  0.4727
56    562 -0.0099  1.1666 -0.0071  0.5147
50    631 -0.0170  1.1637 -0.0066  0.5587
44    708 -0.0052  1.1662 -0.0048  0.6065
39    794 -0.0113  1.1669 -0.0055  0.6521
35    891 -0.0122  1.1653 -0.0092  0.6980
31   1000 -0.0109  1.1697 -0.0048  0.7414
28   1122 -0.0048  1.1671 -0.0054  0.7797
25   1259 -0.0127  1.1700 -0.0074  0.8180
22   1413 -0.0133  1.1668 -0.0080  0.8536
20   1585 -0.0029  1.1674 -0.0033  0.8858
18   1778 -0.0053  1.1638 -0.0040  0.9122
16   1995 -0.0076  1.1677 -0.0037  0.9401
14   2239 -0.0067  1.1722 -0.0029  0.9581
12   2512 -0.0074  1.1821 -0.0054  0.9645
11   2818 -0.0075  1.1643 -0.0070  0.9987
10   3162 -0.0096  1.1722 -0.0050  1.0093
9   3548 -0.0026  1.1662 -0.0016  1.0155
8   3981  0.0018  1.1707  0.0034  1.0276
7   4467 -0.0157  1.1691 -0.0164  1.0274
6   5012 -0.0244  1.1648 -0.0093  1.0364
6   5623  0.0149  1.1503 -0.0039  1.0323
5   6310 -0.0424  1.1662 -0.0410  1.0443
4   7079 -0.0128  1.1708 -0.0082  1.0515
4   7943 -0.0099  1.1675 -0.0070  1.0567
4   8913  0.0057  1.1772  0.0008  1.0586
3  10000 -0.0188  1.1687 -0.0135  1.0567
312    100  0.0219  1.1651 -0.0011  0.1092
279    112  0.0097  1.1695 -0.0014  0.1208
248    126 -0.0173  1.1712 -0.0022  0.1362
222    141 -0.0057  1.1691 -0.0014  0.1521
198    158 -0.0402  1.1705 -0.0012  0.1703
176    178 -0.0044  1.1659 -0.0030  0.1897
156    200 -0.0246  1.1726 -0.0053  0.2117
140    224  0.0127  1.1651 -0.0002  0.2369
125    251 -0.0200  1.1671 -0.0096  0.2630
111    282 -0.0107  1.1687 -0.0042  0.2920
99    316 -0.0149  1.1657 -0.0039  0.3224
88    355 -0.0066  1.1674 -0.0019  0.3552
79    398 -0.0140  1.1680 -0.0035  0.3913
70    447  0.0012  1.1668  0.0001  0.4333
62    501 -0.0009  1.1677 -0.0004  0.4740
56    562 -0.0027  1.1672 -0.0020  0.5173
50    631 -0.0024  1.1658 -0.0056  0.5652
44    708 -0.0087  1.1667 -0.0047  0.6101
39    794 -0.0078  1.1655 -0.0022  0.6570
35    891 -0.0053  1.1659 -0.0062  0.7041
31   1000 -0.0113  1.1665 -0.0063  0.7479
28   1122 -0.0069  1.1677 -0.0066  0.7909
25   1259 -0.0028  1.1685 -0.0002  0.8315
22   1413 -0.0075  1.1659 -0.0032  0.8696
20   1585 -0.0009  1.1689 -0.0007  0.9013
18   1778 -0.0065  1.1681 -0.0052  0.9262
16   1995 -0.0087  1.1660 -0.0046  0.9494
14   2239 -0.0115  1.1695 -0.0042  0.9693
12   2512 -0.0099  1.1743 -0.0069  0.9952
11   2818  0.0107  1.1853  0.0113  1.0168
10   3162 -0.0096  1.1694 -0.0048  1.0197
9   3548 -0.0053  1.1667 -0.0023  1.0243
8   3981 -0.0115  1.1690 -0.0037  1.0377
7   4467 -0.0064  1.1681 -0.0042  1.0405
6   5012  0.0362  1.1708  0.0441  1.0514
6   5623 -0.0399  1.1547 -0.0753  1.0263
5   6310  0.0064  1.1694 -0.0065  1.0606
4   7079 -0.0036  1.1719  0.0022  1.0564
4   7943 -0.0139  1.1667 -0.0009  1.0596
4   8913  0.0089  1.1753  0.0086  1.0689
3  10000 -0.0088  1.1710 -0.0019  1.0647
312    100  0.0245  1.1629 -0.0022  0.1094
279    112  0.0331  1.1670 -0.0021  0.1216
248    126 -0.0140  1.1688 -0.0014  0.1374
222    141 -0.0044  1.1679 -0.0015  0.1525
198    158 -0.0102  1.1676 -0.0015  0.1691
176    178 -0.0191  1.1621 -0.0063  0.1911
156    200 -0.0169  1.1668 -0.0054  0.2131
140    224  0.0042  1.1697 -0.0009  0.2347
125    251 -0.0101  1.1644 -0.0049  0.2632
111    282  0.0053  1.1735 -0.0002  0.2900
99    316 -0.0012  1.1681 -0.0042  0.3219
88    355 -0.0056  1.1662 -0.0025  0.3556
79    398  0.0023  1.1660 -0.0023  0.3936
70    447 -0.0057  1.1655 -0.0064  0.4319
62    501 -0.0086  1.1653 -0.0012  0.4738
56    562 -0.0140  1.1646 -0.0045  0.5170
50    631 -0.0003  1.1635 -0.0009  0.5630
44    708 -0.0049  1.1647 -0.0044  0.6086
39    794 -0.0035  1.1655 -0.0012  0.6543
35    891 -0.0123  1.1684 -0.0071  0.6996
31   1000 -0.0036  1.1685  0.0002  0.7471
28   1122 -0.0062  1.1678 -0.0002  0.7871
25   1259 -0.0081  1.1658 -0.0061  0.8260
22   1413 -0.0044  1.1668 -0.0014  0.8604
20   1585 -0.0036  1.1667 -0.0026  0.8924
18   1778 -0.0102  1.1659 -0.0069  0.9189
16   1995 -0.0102  1.1677 -0.0045  0.9439
14   2239 -0.0080  1.1719 -0.0034  0.9697
12   2512 -0.0049  1.1683 -0.0042  0.9863
11   2818 -0.0136  1.1731 -0.0060  0.9961
10   3162 -0.0090  1.1691 -0.0031  1.0080
9   3548 -0.0186  1.1676 -0.0105  1.0179
8   3981 -0.0013  1.1657 -0.0046  1.0272
7   4467  0.0037  1.1690  0.0099  1.0357
6   5012 -0.0292  1.1744 -0.0185  1.0418
6   5623 -0.2287  1.1081 -0.1619  0.9866
5   6310 -0.0272  1.1730 -0.0171  1.0564
4   7079  0.0084  1.1719  0.0103  1.0500
4   7943 -0.0110  1.1625 -0.0061  1.0501
4   8913 -0.0142  1.1793 -0.0126  1.0655
3  10000 -0.0256  1.1720 -0.0092  1.0561
312    100 -0.0366  1.1658 -0.0050  0.1097
279    112 -0.0312  1.1696 -0.0054  0.1200
248    126  0.0319  1.1623 -0.0051  0.1376
222    141 -0.0072  1.1687 -0.0021  0.1517
198    158 -0.0062  1.1685 -0.0022  0.1691
176    178 -0.0017  1.1680 -0.0035  0.1909
156    200 -0.0220  1.1677 -0.0017  0.2119
140    224  0.0073  1.1675 -0.0037  0.2360
125    251 -0.0176  1.1712 -0.0028  0.2625
111    282  0.0132  1.1654  0.0013  0.2934
99    316 -0.0035  1.1683  0.0015  0.3206
88    355 -0.0085  1.1696 -0.0020  0.3552
79    398  0.0052  1.1684  0.0039  0.3925
70    447  0.0031  1.1656  0.0044  0.4306
62    501 -0.0160  1.1666 -0.0048  0.4735
56    562 -0.0068  1.1655 -0.0016  0.5154
50    631 -0.0098  1.1648 -0.0068  0.5631
44    708 -0.0032  1.1666 -0.0024  0.6093
39    794 -0.0103  1.1692 -0.0033  0.6543
35    891 -0.0109  1.1659 -0.0070  0.7016
31   1000 -0.0100  1.1671 -0.0036  0.7430
28   1122  0.0022  1.1640 -0.0022  0.7857
25   1259 -0.0066  1.1656 -0.0058  0.8255
22   1413 -0.0007  1.1684 -0.0011  0.8614
20   1585 -0.0125  1.1661 -0.0082  0.8905
18   1778 -0.0083  1.1717 -0.0053  0.9195
16   1995 -0.0079  1.1715 -0.0023  0.9424
14   2239 -0.0099  1.1629 -0.0040  0.9617
12   2512 -0.0047  1.1781 -0.0038  0.9791
11   2818 -0.0067  1.1585 -0.0022  0.9988
10   3162 -0.0005  1.1699  0.0015  1.0087
9   3548 -0.0075  1.1699 -0.0037  1.0222
8   3981  0.0001  1.1672 -0.0023  1.0261
7   4467  0.0102  1.1658  0.0036  1.0329
6   5012  0.0171  1.1722  0.0229  1.0441
6   5623 -0.0964  1.1343 -0.0721  1.0321
5   6310 -0.0172  1.1739 -0.0076  1.0535
4   7079  0.0106  1.1689  0.0108  1.0533
4   7943 -0.0108  1.1702 -0.0058  1.0567
4   8913 -0.0141  1.1780 -0.0025  1.0565
3  10000 -0.0185  1.1716 -0.0039  1.0597
312    100  0.0220  1.1656 -0.0020  0.1102
279    112  0.0187  1.1741 -0.0028  0.1202
248    126 -0.0088  1.1654  0.0000  0.1380
222    141 -0.0230  1.1726 -0.0017  0.1514
198    158 -0.0077  1.1706 -0.0044  0.1691
176    178 -0.0123  1.1688 -0.0040  0.1900
156    200 -0.0037  1.1642 -0.0002  0.2142
140    224 -0.0006  1.1673 -0.0008  0.2364
125    251 -0.0046  1.1660 -0.0006  0.2624
111    282 -0.0027  1.1691 -0.0023  0.2911
99    316 -0.0138  1.1670 -0.0049  0.3210
88    355 -0.0179  1.1695  0.0040  0.3556
79    398  0.0026  1.1684  0.0054  0.3925
70    447 -0.0128  1.1672 -0.0029  0.4326
62    501  0.0012  1.1658 -0.0043  0.4717
56    562 -0.0063  1.1675 -0.0017  0.5167
50    631 -0.0006  1.1677  0.0011  0.5625
44    708 -0.0124  1.1685 -0.0067  0.6084
39    794 -0.0072  1.1651 -0.0058  0.6546
35    891 -0.0073  1.1629 -0.0065  0.7010
31   1000 -0.0056  1.1656 -0.0021  0.7446
28   1122 -0.0073  1.1684 -0.0024  0.7868
25   1259 -0.0027  1.1695 -0.0026  0.8240
22   1413 -0.0026  1.1670 -0.0030  0.8620
20   1585 -0.0113  1.1682 -0.0075  0.8899
18   1778  0.0017  1.1687  0.0029  0.9226
16   1995 -0.0086  1.1661 -0.0046  0.9442
14   2239 -0.0045  1.1669 -0.0018  0.9615
12   2512 -0.0021  1.1694 -0.0014  0.9747
11   2818 -0.0041  1.1604 -0.0017  0.9930
10   3162 -0.0169  1.1738 -0.0123  1.0078
9   3548 -0.0107  1.1699 -0.0071  1.0185
8   3981  0.0017  1.1663 -0.0028  1.0260
7   4467 -0.0069  1.1770 -0.0038  1.0389
6   5012  0.0235  1.1690  0.0177  1.0378
6   5623 -0.0380  1.1611 -0.1202  1.0440
5   6310  0.0032  1.1704  0.0089  1.0520
4   7079 -0.0006  1.1713 -0.0004  1.0544
4   7943 -0.0166  1.1671 -0.0080  1.0512
4   8913 -0.0174  1.1770 -0.0085  1.0604
3  10000  0.0027  1.1687 -0.0004  1.0584
312    100  0.0134  1.1697  0.0004  0.1081
279    112  0.0047  1.1645  0.0008  0.1229
248    126 -0.0174  1.1712 -0.0016  0.1362
222    141 -0.0050  1.1678 -0.0035  0.1525
198    158 -0.0454  1.1672 -0.0027  0.1697
176    178 -0.0028  1.1691 -0.0040  0.1896
156    200 -0.0192  1.1691 -0.0048  0.2135
140    224  0.0067  1.1685 -0.0003  0.2352
125    251 -0.0424  1.1672 -0.0056  0.2624
111    282 -0.0043  1.1696 -0.0038  0.2924
99    316 -0.0144  1.1667 -0.0054  0.3196
88    355 -0.0200  1.1659  0.0045  0.3549
79    398  0.0080  1.1696  0.0029  0.3904
70    447 -0.0126  1.1664 -0.0027  0.4315
62    501 -0.0137  1.1673 -0.0051  0.4723
56    562 -0.0074  1.1662 -0.0062  0.5164
50    631 -0.0138  1.1664 -0.0054  0.5627
44    708 -0.0035  1.1657 -0.0049  0.6082
39    794 -0.0012  1.1666 -0.0027  0.6535
35    891 -0.0110  1.1664 -0.0084  0.7002
31   1000 -0.0092  1.1705 -0.0033  0.7454
28   1122 -0.0117  1.1673 -0.0068  0.7876
25   1259  0.0002  1.1688 -0.0031  0.8255
22   1413 -0.0066  1.1648 -0.0029  0.8618
20   1585 -0.0085  1.1691 -0.0022  0.8896
18   1778 -0.0074  1.1688 -0.0052  0.9179
16   1995 -0.0066  1.1702 -0.0027  0.9458
14   2239 -0.0063  1.1685 -0.0055  0.9589
12   2512 -0.0101  1.1703 -0.0084  0.9811
11   2818 -0.0060  1.1612 -0.0004  0.9970
10   3162 -0.0024  1.1682 -0.0014  1.0066
9   3548 -0.0105  1.1685 -0.0065  1.0205
8   3981 -0.0078  1.1684  0.0007  1.0344
7   4467 -0.0111  1.1651 -0.0063  1.0346
6   5012  0.0020  1.1670  0.0008  1.0404
6   5623 -0.1503  1.1624 -0.0960  1.0517
5   6310 -0.0170  1.1735 -0.0117  1.0537
4   7079  0.0034  1.1704  0.0068  1.0511
4   7943 -0.0187  1.1693 -0.0118  1.0484
4   8913 -0.0098  1.1735 -0.0071  1.0560
3  10000 -0.0161  1.1683 -0.0043  1.0570
312    100  0.0145  1.1687  0.0017  0.1101
279    112  0.0066  1.1715  0.0027  0.1215
248    126 -0.0174  1.1725 -0.0035  0.1373
222    141 -0.0070  1.1684 -0.0019  0.1506
198    158 -0.0060  1.1703 -0.0041  0.1690
176    178 -0.0010  1.1694 -0.0051  0.1894
156    200 -0.0063  1.1652 -0.0059  0.2127
140    224 -0.0065  1.1712  0.0016  0.2344
125    251 -0.0038  1.1654 -0.0061  0.2631
111    282 -0.0028  1.1702 -0.0013  0.2919
99    316  0.0046  1.1675 -0.0012  0.3224
88    355 -0.0038  1.1673 -0.0019  0.3571
79    398  0.0104  1.1659  0.0025  0.3916
70    447 -0.0143  1.1661  0.0050  0.4318
62    501 -0.0087  1.1663 -0.0057  0.4721
56    562 -0.0060  1.1683 -0.0064  0.5166
50    631 -0.0121  1.1694 -0.0123  0.5634
44    708 -0.0020  1.1656 -0.0026  0.6075
39    794 -0.0056  1.1659 -0.0026  0.6541
35    891 -0.0118  1.1679 -0.0053  0.7007
31   1000 -0.0032  1.1694 -0.0030  0.7439
28   1122 -0.0067  1.1666 -0.0011  0.7871
25   1259 -0.0028  1.1681 -0.0022  0.8235
22   1413 -0.0049  1.1711  0.0004  0.8616
20   1585 -0.0050  1.1669 -0.0036  0.8937
18   1778 -0.0128  1.1686 -0.0068  0.9222
16   1995 -0.0055  1.1670 -0.0027  0.9436
14   2239  0.0003  1.1717  0.0013  0.9634
12   2512 -0.0042  1.1749 -0.0019  0.9813
11   2818 -0.0118  1.1843 -0.0079  1.0033
10   3162 -0.0048  1.1694 -0.0040  1.0117
9   3548 -0.0154  1.1679 -0.0064  1.0205
8   3981  0.0018  1.1710  0.0020  1.0309
7   4467 -0.0033  1.1651  0.0001  1.0355
6   5012 -0.0003  1.1715  0.0078  1.0411
6   5623  0.0022  1.1554 -0.1205  1.0326
5   6310 -0.0294  1.1697 -0.0225  1.0496
4   7079 -0.0086  1.1702  0.0012  1.0546
4   7943 -0.0103  1.1732 -0.0049  1.0480
4   8913  0.0028  1.1689 -0.0009  1.0547
3  10000 -0.0134  1.1726  0.0004  1.0579
312    100 -0.0369  1.1637 -0.0030  0.1082
279    112 -0.0278  1.1687 -0.0063  0.1214
248    126  0.0206  1.1733 -0.0024  0.1357
222    141 -0.0062  1.1692 -0.0040  0.1519
198    158 -0.0057  1.1691 -0.0022  0.1688
176    178 -0.0010  1.1691 -0.0021  0.1895
156    200 -0.0241  1.1721 -0.0038  0.2114
140    224  0.0115  1.1666 -0.0024  0.2371
125    251 -0.0176  1.1715 -0.0047  0.2624
111    282  0.0103  1.1706 -0.0001  0.2910
99    316  0.0044  1.1651  0.0007  0.3218
88    355 -0.0107  1.1687 -0.0036  0.3545
79    398  0.0094  1.1671  0.0032  0.3921
70    447 -0.0195  1.1659 -0.0040  0.4311
62    501 -0.0105  1.1666 -0.0048  0.4722
56    562 -0.0149  1.1662 -0.0050  0.5159
50    631 -0.0032  1.1660 -0.0060  0.5617
44    708 -0.0098  1.1672 -0.0044  0.6074
39    794 -0.0144  1.1676 -0.0072  0.6530
35    891 -0.0038  1.1671 -0.0036  0.6994
31   1000 -0.0111  1.1689 -0.0047  0.7449
28   1122 -0.0042  1.1648 -0.0014  0.7869
25   1259 -0.0064  1.1692 -0.0018  0.8261
22   1413 -0.0052  1.1678 -0.0003  0.8587
20   1585 -0.0102  1.1647 -0.0076  0.8906
18   1778 -0.0073  1.1692 -0.0049  0.9142
16   1995 -0.0062  1.1707 -0.0036  0.9418
14   2239 -0.0033  1.1724  0.0022  0.9671
12   2512 -0.0030  1.1745 -0.0015  0.9878
11   2818 -0.0081  1.1606 -0.0055  0.9939
10   3162 -0.0108  1.1666 -0.0048  1.0045
9   3548 -0.0070  1.1688  0.0009  1.0205
8   3981  0.0013  1.1680 -0.0016  1.0263
7   4467 -0.0008  1.1669  0.0038  1.0273
6   5012 -0.0235  1.1667 -0.0043  1.0353
6   5623 -0.0070  1.1442  0.0835  1.0321
5   6310 -0.0234  1.1729 -0.0220  1.0479
4   7079 -0.0119  1.1677 -0.0139  1.0509
4   7943 -0.0084  1.1671 -0.0013  1.0482
4   8913  0.0018  1.1723  0.0001  1.0527
3  10000  0.0111  1.1753  0.0152  1.0538
312    100  0.0092  1.1712  0.0002  0.1074
279    112 -0.0061  1.1627  0.0007  0.1220
248    126 -0.0159  1.1721 -0.0023  0.1362
222    141  0.0018  1.1694 -0.0065  0.1528
198    158 -0.0003  1.1664 -0.0017  0.1703
176    178 -0.0035  1.1676 -0.0025  0.1903
156    200 -0.0182  1.1672 -0.0059  0.2129
140    224 -0.0167  1.1639 -0.0036  0.2378
125    251 -0.0137  1.1664 -0.0056  0.2639
111    282 -0.0101  1.1666 -0.0026  0.2919
99    316  0.0056  1.1640 -0.0012  0.3251
88    355 -0.0255  1.1689 -0.0088  0.3587
79    398 -0.0186  1.1668 -0.0032  0.3950
70    447  0.0012  1.1686  0.0022  0.4386
62    501 -0.0117  1.1661 -0.0063  0.4797
56    562 -0.0086  1.1668 -0.0063  0.5263
50    631 -0.0158  1.1653 -0.0056  0.5757
44    708 -0.0072  1.1650 -0.0045  0.6236
39    794 -0.0101  1.1655 -0.0033  0.6747
35    891 -0.0065  1.1656 -0.0075  0.7240
31   1000 -0.0138  1.1686 -0.0066  0.7738
28   1122 -0.0079  1.1686  0.0008  0.8200
25   1259 -0.0054  1.1657 -0.0011  0.8670
22   1413 -0.0087  1.1704 -0.0073  0.9030
20   1585 -0.0132  1.1662 -0.0073  0.9407
18   1778 -0.0033  1.1644  0.0022  0.9729
16   1995 -0.0093  1.1701 -0.0066  0.9984
14   2239 -0.0160  1.1702 -0.0038  1.0258
12   2512 -0.0063  1.1543 -0.0004  1.0466
11   2818 -0.0072  1.1622 -0.0048  1.0629
10   3162 -0.0086  1.1730 -0.0074  1.0873
9   3548 -0.0100  1.1707 -0.0021  1.0951
8   3981 -0.0137  1.1665 -0.0083  1.1019
7   4467 -0.0234  1.1699 -0.0135  1.1149
6   5012  0.0168  1.1656  0.0112  1.1161
6   5623  0.0582  1.1620  0.1446  1.1218
5   6310 -0.0239  1.1688 -0.0127  1.1339
4   7079 -0.0050  1.1730 -0.0077  1.1370
4   7943 -0.0149  1.1658 -0.0075  1.1362
4   8913 -0.0218  1.1849 -0.0113  1.1461
3  10000 -0.0193  1.1676 -0.0025  1.1396
312    100 -0.0126  1.1713  0.0007  0.1098
279    112 -0.0199  1.1651 -0.0005  0.1214
248    126 -0.0119  1.1669 -0.0026  0.1362
222    141 -0.0076  1.1691 -0.0006  0.1522
198    158 -0.0274  1.1641 -0.0063  0.1695
176    178 -0.0012  1.1699 -0.0035  0.1904
156    200 -0.0078  1.1640 -0.0052  0.2138
140    224  0.0009  1.1711 -0.0053  0.2362
125    251 -0.0161  1.1645  0.0026  0.2641
111    282 -0.0106  1.1681 -0.0023  0.2930
99    316 -0.0145  1.1663 -0.0032  0.3229
88    355 -0.0039  1.1694 -0.0017  0.3598
79    398  0.0059  1.1690  0.0057  0.3957
70    447 -0.0130  1.1667 -0.0000  0.4370
62    501 -0.0134  1.1660 -0.0016  0.4807
56    562  0.0019  1.1634  0.0004  0.5267
50    631 -0.0141  1.1675 -0.0084  0.5745
44    708 -0.0053  1.1661 -0.0032  0.6240
39    794 -0.0044  1.1687  0.0011  0.6768
35    891 -0.0015  1.1681 -0.0035  0.7235
31   1000 -0.0125  1.1666 -0.0064  0.7747
28   1122 -0.0116  1.1675 -0.0061  0.8217
25   1259 -0.0162  1.1671 -0.0107  0.8651
22   1413 -0.0064  1.1673 -0.0025  0.9074
20   1585 -0.0052  1.1713  0.0025  0.9403
18   1778 -0.0098  1.1729 -0.0032  0.9755
16   1995 -0.0092  1.1690 -0.0056  1.0039
14   2239 -0.0139  1.1698 -0.0075  1.0229
12   2512 -0.0086  1.1685 -0.0064  1.0555
11   2818 -0.0115  1.1745 -0.0122  1.0736
10   3162 -0.0039  1.1686 -0.0003  1.0843
9   3548 -0.0062  1.1669 -0.0065  1.0942
8   3981 -0.0061  1.1733 -0.0049  1.1057
7   4467 -0.0076  1.1696 -0.0102  1.1160
6   5012 -0.0174  1.1714 -0.0023  1.1202
6   5623 -0.0922  1.1351 -0.0052  1.1113
5   6310 -0.0101  1.1710 -0.0097  1.1356
4   7079 -0.0076  1.1720 -0.0017  1.1366
4   7943 -0.0139  1.1633 -0.0080  1.1371
4   8913 -0.0013  1.1664  0.0030  1.1374
3  10000 -0.0147  1.1726 -0.0061  1.1403
312    100 -0.0047  1.1724 -0.0001  0.1081
279    112 -0.0115  1.1636  0.0022  0.1220
248    126 -0.0179  1.1710 -0.0037  0.1365
222    141 -0.0090  1.1678 -0.0018  0.1525
198    158 -0.0032  1.1681 -0.0018  0.1703
176    178  0.0019  1.1689 -0.0041  0.1892
156    200  0.0034  1.1678 -0.0050  0.2126
140    224 -0.0181  1.1700  0.0010  0.2376
125    251 -0.0017  1.1665 -0.0073  0.2646
111    282 -0.0080  1.1687  0.0017  0.2928
99    316 -0.0119  1.1671 -0.0039  0.3243
88    355 -0.0057  1.1677 -0.0015  0.3580
79    398 -0.0080  1.1694 -0.0040  0.3974
70    447  0.0096  1.1658 -0.0056  0.4372
62    501 -0.0033  1.1650 -0.0040  0.4795
56    562  0.0009  1.1655 -0.0010  0.5257
50    631  0.0014  1.1703  0.0046  0.5747
44    708 -0.0066  1.1679 -0.0061  0.6246
39    794 -0.0073  1.1702 -0.0023  0.6737
35    891 -0.0098  1.1670 -0.0026  0.7252
31   1000 -0.0036  1.1678 -0.0017  0.7729
28   1122 -0.0110  1.1687 -0.0038  0.8191
25   1259 -0.0014  1.1697  0.0005  0.8660
22   1413 -0.0075  1.1672 -0.0023  0.9049
20   1585 -0.0100  1.1642 -0.0050  0.9373
18   1778 -0.0102  1.1689 -0.0036  0.9749
16   1995 -0.0057  1.1673 -0.0021  1.0014
14   2239 -0.0087  1.1751 -0.0081  1.0285
12   2512 -0.0126  1.1714 -0.0074  1.0410
11   2818 -0.0146  1.1683 -0.0084  1.0617
10   3162 -0.0111  1.1706 -0.0059  1.0819
9   3548 -0.0071  1.1678 -0.0073  1.0921
8   3981 -0.0183  1.1667 -0.0071  1.1030
7   4467 -0.0006  1.1661 -0.0019  1.1104
6   5012 -0.0260  1.1745 -0.0117  1.1230
6   5623  0.0610  1.1857  0.0032  1.1254
5   6310 -0.0242  1.1717 -0.0106  1.1369
4   7079 -0.0122  1.1711 -0.0051  1.1340
4   7943 -0.0184  1.1630 -0.0059  1.1385
4   8913  0.0076  1.1823  0.0070  1.1474
3  10000 -0.0165  1.1709 -0.0067  1.1396
312    100  0.0228  1.1639 -0.0022  0.1101
279    112  0.0179  1.1718 -0.0007  0.1207
248    126 -0.0239  1.1728 -0.0028  0.1358
222    141 -0.0046  1.1691 -0.0020  0.1518
198    158 -0.0098  1.1706 -0.0041  0.1685
176    178 -0.0108  1.1678 -0.0012  0.1897
156    200  0.0079  1.1679 -0.0048  0.2124
140    224 -0.0214  1.1663 -0.0020  0.2368
125    251  0.0053  1.1721 -0.0016  0.2643
111    282 -0.0118  1.1651 -0.0023  0.2942
99    316 -0.0000  1.1689  0.0010  0.3231
88    355 -0.0037  1.1674 -0.0013  0.3593
79    398 -0.0194  1.1639  0.0011  0.3960
70    447  0.0012  1.1664  0.0004  0.4379
62    501 -0.0032  1.1657 -0.0000  0.4802
56    562  0.0002  1.1658 -0.0037  0.5260
50    631  0.0027  1.1632 -0.0067  0.5755
44    708 -0.0110  1.1667 -0.0075  0.6228
39    794 -0.0013  1.1653 -0.0034  0.6754
35    891 -0.0053  1.1651 -0.0013  0.7262
31   1000 -0.0071  1.1664 -0.0015  0.7723
28   1122 -0.0071  1.1710  0.0002  0.8228
25   1259 -0.0063  1.1681 -0.0021  0.8662
22   1413 -0.0087  1.1687  0.0009  0.9071
20   1585 -0.0132  1.1668 -0.0076  0.9408
18   1778 -0.0121  1.1679 -0.0059  0.9752
16   1995 -0.0057  1.1720 -0.0036  0.9985
14   2239 -0.0137  1.1650 -0.0060  1.0291
12   2512 -0.0017  1.1687  0.0003  1.0394
11   2818 -0.0106  1.1713 -0.0059  1.0752
10   3162 -0.0114  1.1712 -0.0066  1.0795
9   3548  0.0007  1.1682  0.0026  1.0951
8   3981 -0.0022  1.1665 -0.0001  1.1048
7   4467  0.0021  1.1701 -0.0050  1.1138
6   5012 -0.0104  1.1651 -0.0201  1.1219
6   5623  0.0034  1.1861  0.0051  1.1234
5   6310 -0.0011  1.1711 -0.0095  1.1336
4   7079 -0.0122  1.1697 -0.0083  1.1304
4   7943 -0.0122  1.1684 -0.0047  1.1368
4   8913 -0.0129  1.1810 -0.0103  1.1459
3  10000 -0.0260  1.1725 -0.0060  1.1405
312    100 -0.0050  1.1727  0.0011  0.1089
279    112 -0.0177  1.1653 -0.0005  0.1217
248    126 -0.0153  1.1698 -0.0035  0.1361
222    141  0.0240  1.1725 -0.0071  0.1519
198    158 -0.0023  1.1661 -0.0020  0.1702
176    178 -0.0051  1.1658 -0.0039  0.1906
156    200 -0.0220  1.1703 -0.0044  0.2133
140    224 -0.0058  1.1730  0.0015  0.2366
125    251 -0.0179  1.1706 -0.0028  0.2638
111    282 -0.0106  1.1673 -0.0020  0.2941
99    316 -0.0101  1.1668  0.0001  0.3243
88    355 -0.0001  1.1703 -0.0070  0.3581
79    398 -0.0080  1.1659  0.0045  0.3964
70    447 -0.0068  1.1634 -0.0026  0.4378
62    501 -0.0035  1.1651  0.0005  0.4809
56    562 -0.0037  1.1661  0.0010  0.5266
50    631 -0.0039  1.1685 -0.0010  0.5750
44    708 -0.0139  1.1686 -0.0068  0.6231
39    794 -0.0038  1.1647 -0.0052  0.6745
35    891 -0.0020  1.1674 -0.0043  0.7238
31   1000 -0.0112  1.1682 -0.0045  0.7733
28   1122 -0.0165  1.1675 -0.0069  0.8218
25   1259 -0.0097  1.1661 -0.0022  0.8656
22   1413 -0.0032  1.1680  0.0015  0.9027
20   1585 -0.0092  1.1711 -0.0024  0.9413
18   1778 -0.0048  1.1700 -0.0028  0.9735
16   1995 -0.0052  1.1685 -0.0015  0.9993
14   2239 -0.0052  1.1717 -0.0012  1.0320
12   2512 -0.0065  1.1508 -0.0038  1.0541
11   2818 -0.0155  1.1660 -0.0113  1.0629
10   3162 -0.0114  1.1680 -0.0068  1.0793
9   3548 -0.0142  1.1702 -0.0081  1.0959
8   3981 -0.0061  1.1668 -0.0038  1.1021
7   4467 -0.0069  1.1688 -0.0016  1.1166
6   5012 -0.0348  1.1695 -0.0225  1.1206
6   5623 -0.1294  1.1647 -0.0684  1.1287
5   6310 -0.0083  1.1734  0.0025  1.1349
4   7079 -0.0129  1.1651 -0.0075  1.1311
4   7943 -0.0180  1.1689 -0.0098  1.1344
4   8913 -0.0165  1.1773 -0.0074  1.1447
3  10000 -0.0051  1.1762 -0.0028  1.1435
312    100  0.0185  1.1673  0.0016  0.1086
279    112  0.0066  1.1671 -0.0002  0.1218
248    126 -0.0166  1.1712 -0.0023  0.1382
222    141 -0.0050  1.1697 -0.0018  0.1523
198    158 -0.0193  1.1641 -0.0028  0.1702
176    178 -0.0028  1.1682 -0.0033  0.1906
156    200 -0.0196  1.1694 -0.0045  0.2130
140    224 -0.0113  1.1676 -0.0055  0.2376
125    251  0.0032  1.1677  0.0016  0.2628
111    282 -0.0109  1.1678 -0.0026  0.2934
99    316 -0.0124  1.1674 -0.0004  0.3238
88    355  0.0043  1.1676  0.0065  0.3582
79    398  0.0043  1.1663 -0.0012  0.3977
70    447  0.0000  1.1668  0.0023  0.4373
62    501  0.0001  1.1679 -0.0011  0.4809
56    562 -0.0068  1.1659 -0.0041  0.5267
50    631 -0.0025  1.1654 -0.0042  0.5747
44    708 -0.0080  1.1647 -0.0039  0.6250
39    794 -0.0117  1.1688 -0.0064  0.6744
35    891 -0.0139  1.1691 -0.0064  0.7241
31   1000 -0.0037  1.1657 -0.0008  0.7727
28   1122 -0.0023  1.1684 -0.0021  0.8210
25   1259 -0.0150  1.1688 -0.0089  0.8646
22   1413 -0.0063  1.1651 -0.0037  0.9057
20   1585 -0.0042  1.1693 -0.0038  0.9429
18   1778 -0.0020  1.1698 -0.0026  0.9752
16   1995 -0.0060  1.1690 -0.0031  0.9992
14   2239 -0.0141  1.1762 -0.0083  1.0286
12   2512 -0.0107  1.1322 -0.0065  1.0389
11   2818 -0.0180  1.1693 -0.0157  1.0656
10   3162 -0.0046  1.1727  0.0001  1.0833
9   3548 -0.0158  1.1694 -0.0056  1.0914
8   3981 -0.0150  1.1664 -0.0042  1.0995
7   4467 -0.0029  1.1665 -0.0081  1.1110
6   5012 -0.0163  1.1660 -0.0020  1.1142
6   5623 -0.0309  1.1444  0.0620  1.1118
5   6310 -0.0109  1.1725  0.0087  1.1280
4   7079  0.0051  1.1692  0.0071  1.1348
4   7943 -0.0109  1.1620 -0.0070  1.1284
4   8913 -0.0031  1.1658 -0.0064  1.1411
3  10000 -0.0115  1.1719  0.0016  1.1342
312    100 -0.0000  1.1726  0.0011  0.1098
279    112 -0.0046  1.1687  0.0009  0.1217
248    126 -0.0159  1.1713 -0.0029  0.1367
222    141 -0.0102  1.1669 -0.0026  0.1520
198    158 -0.0473  1.1663 -0.0056  0.1709
176    178 -0.0117  1.1616 -0.0048  0.1916
156    200 -0.0099  1.1645 -0.0059  0.2128
140    224 -0.0067  1.1724  0.0004  0.2352
125    251 -0.0266  1.1706 -0.0034  0.2645
111    282  0.0155  1.1670 -0.0035  0.2926
99    316 -0.0114  1.1675 -0.0003  0.3236
88    355 -0.0055  1.1662 -0.0006  0.3589
79    398 -0.0123  1.1654  0.0031  0.3984
70    447  0.0006  1.1674  0.0001  0.4368
62    501 -0.0027  1.1657 -0.0039  0.4787
56    562 -0.0027  1.1676 -0.0007  0.5238
50    631  0.0050  1.1671 -0.0034  0.5736
44    708 -0.0084  1.1690 -0.0034  0.6245
39    794 -0.0102  1.1669 -0.0050  0.6742
35    891 -0.0051  1.1661 -0.0048  0.7232
31   1000 -0.0154  1.1668 -0.0064  0.7711
28   1122 -0.0109  1.1681 -0.0088  0.8193
25   1259 -0.0037  1.1665  0.0015  0.8638
22   1413 -0.0056  1.1700 -0.0026  0.9000
20   1585 -0.0047  1.1678 -0.0019  0.9387
18   1778 -0.0025  1.1670  0.0004  0.9687
16   1995 -0.0078  1.1676 -0.0047  1.0006
14   2239 -0.0143  1.1650 -0.0107  1.0217
12   2512 -0.0076  1.1704 -0.0019  1.0454
11   2818 -0.0013  1.1736  0.0057  1.0601
10   3162 -0.0009  1.1640 -0.0002  1.0716
9   3548 -0.0120  1.1668 -0.0093  1.0899
8   3981 -0.0081  1.1685 -0.0071  1.1033
7   4467 -0.0057  1.1650 -0.0086  1.1038
6   5012  0.0091  1.1623 -0.0082  1.1099
6   5623  0.2824  1.1124  0.2646  1.0862
5   6310 -0.0105  1.1728 -0.0100  1.1301
4   7079  0.0033  1.1713  0.0051  1.1316
4   7943 -0.0123  1.1644 -0.0041  1.1324
4   8913 -0.0074  1.1705  0.0030  1.1416
3  10000 -0.0099  1.1690 -0.0048  1.1396
312    100 -0.0284  1.1683 -0.0041  0.1098
279    112 -0.0075  1.1627 -0.0037  0.1225
248    126  0.0003  1.1680 -0.0018  0.1372
222    141 -0.0050  1.1683 -0.0028  0.1519
198    158 -0.0115  1.1665 -0.0006  0.1697
176    178  0.0092  1.1738 -0.0002  0.1902
156    200 -0.0175  1.1686 -0.0010  0.2124
140    224  0.0032  1.1675 -0.0041  0.2377
125    251 -0.0162  1.1708  0.0001  0.2637
111    282  0.0168  1.1689 -0.0009  0.2934
99    316 -0.0006  1.1657 -0.0026  0.3239
88    355 -0.0107  1.1678 -0.0009  0.3595
79    398  0.0076  1.1657 -0.0011  0.3968
70    447 -0.0120  1.1669 -0.0028  0.4363
62    501 -0.0096  1.1663 -0.0006  0.4809
56    562 -0.0103  1.1657 -0.0020  0.5257
50    631 -0.0017  1.1633  0.0004  0.5748
44    708 -0.0046  1.1647 -0.0041  0.6218
39    794 -0.0055  1.1684 -0.0018  0.6711
35    891 -0.0142  1.1679 -0.0056  0.7210
31   1000 -0.0130  1.1694 -0.0049  0.7711
28   1122 -0.0092  1.1708  0.0002  0.8210
25   1259 -0.0047  1.1725 -0.0025  0.8628
22   1413 -0.0038  1.1701 -0.0008  0.9032
20   1585 -0.0126  1.1671 -0.0072  0.9366
18   1778 -0.0097  1.1697 -0.0066  0.9691
16   1995 -0.0038  1.1654 -0.0006  1.0015
14   2239 -0.0015  1.1710  0.0042  1.0210
12   2512 -0.0021  1.1807 -0.0006  1.0434
11   2818 -0.0074  1.1703 -0.0046  1.0708
10   3162 -0.0072  1.1708 -0.0045  1.0787
9   3548  0.0017  1.1684  0.0024  1.0891
8   3981  0.0030  1.1689  0.0064  1.0986
7   4467  0.0035  1.1650  0.0060  1.1077
6   5012 -0.0084  1.1621 -0.0067  1.1100
6   5623  0.0876  1.1482  0.0455  1.1266
5   6310 -0.0065  1.1704  0.0043  1.1307
4   7079 -0.0050  1.1690  0.0001  1.1251
4   7943 -0.0105  1.1639 -0.0049  1.1291
4   8913 -0.0176  1.1794 -0.0129  1.1432
3  10000 -0.0215  1.1694 -0.0145  1.1303
312    100  0.0238  1.1638 -0.0012  0.1094
279    112  0.0162  1.1709 -0.0014  0.1220
248    126 -0.0472  1.1639 -0.0006  0.1375
222    141 -0.0568  1.1649 -0.0056  0.1521
198    158 -0.0072  1.1701 -0.0039  0.1686
176    178 -0.0135  1.1690 -0.0033  0.1889
156    200  0.0102  1.1711 -0.0013  0.2118
140    224 -0.0233  1.1674 -0.0037  0.2366
125    251  0.0044  1.1711 -0.0017  0.2621
111    282 -0.0031  1.1669 -0.0030  0.2937
99    316 -0.0078  1.1709  0.0018  0.3228
88    355  0.0115  1.1670 -0.0037  0.3573
79    398 -0.0101  1.1698 -0.0038  0.3982
70    447 -0.0006  1.1650  0.0030  0.4381
62    501 -0.0085  1.1659 -0.0045  0.4801
56    562 -0.0074  1.1668 -0.0067  0.5252
50    631 -0.0134  1.1658 -0.0080  0.5716
44    708 -0.0074  1.1637 -0.0026  0.6236
39    794 -0.0036  1.1675 -0.0015  0.6733
35    891 -0.0106  1.1705 -0.0039  0.7217
31   1000 -0.0015  1.1662  0.0017  0.7718
28   1122 -0.0113  1.1677 -0.0028  0.8163
25   1259 -0.0047  1.1676 -0.0022  0.8585
22   1413 -0.0120  1.1693 -0.0083  0.8963
20   1585 -0.0080  1.1694 -0.0061  0.9321
18   1778 -0.0069  1.1717 -0.0070  0.9702
16   1995 -0.0089  1.1736 -0.0023  0.9962
14   2239 -0.0076  1.1683  0.0011  1.0168
12   2512 -0.0017  1.1824  0.0029  1.0602
11   2818 -0.0038  1.1735 -0.0002  1.0635
10   3162 -0.0146  1.1652 -0.0088  1.0723
9   3548 -0.0104  1.1669 -0.0039  1.0843
8   3981 -0.0005  1.1670  0.0062  1.0937
7   4467 -0.0252  1.1708 -0.0160  1.1056
6   5012  0.0039  1.1711 -0.0048  1.1107
6   5623  0.1730  1.1613  0.1029  1.1140
5   6310 -0.0308  1.1737 -0.0216  1.1217
4   7079 -0.0150  1.1676 -0.0140  1.1240
4   7943 -0.0157  1.1701 -0.0085  1.1259
4   8913 -0.0051  1.1806 -0.0001  1.1393
3  10000 -0.0027  1.1740 -0.0006  1.1311
312    100 -0.0363  1.1644 -0.0026  0.1098
279    112 -0.0284  1.1699 -0.0036  0.1221
248    126  0.0014  1.1687 -0.0018  0.1369
222    141 -0.0359  1.1619  0.0020  0.1518
198    158  0.0023  1.1705 -0.0042  0.1684
176    178 -0.0046  1.1680 -0.0017  0.1910
156    200  0.0070  1.1688 -0.0038  0.2133
140    224 -0.0119  1.1730 -0.0045  0.2353
125    251  0.0063  1.1698 -0.0054  0.2626
111    282 -0.0118  1.1669 -0.0018  0.2937
99    316 -0.0122  1.1657 -0.0017  0.3234
88    355  0.0043  1.1677 -0.0003  0.3591
79    398  0.0052  1.1709  0.0032  0.3959
70    447 -0.0133  1.1666 -0.0015  0.4355
62    501 -0.0153  1.1683 -0.0051  0.4786
56    562 -0.0083  1.1660 -0.0033  0.5245
50    631 -0.0092  1.1668 -0.0028  0.5739
44    708 -0.0036  1.1659 -0.0032  0.6214
39    794 -0.0123  1.1659 -0.0028  0.6707
35    891 -0.0036  1.1680 -0.0037  0.7195
31   1000 -0.0113  1.1683 -0.0037  0.7714
28   1122 -0.0119  1.1664 -0.0078  0.8141
25   1259 -0.0132  1.1684 -0.0042  0.8563
22   1413 -0.0054  1.1682 -0.0024  0.8981
20   1585 -0.0062  1.1685 -0.0069  0.9325
18   1778 -0.0096  1.1638 -0.0051  0.9621
16   1995 -0.0058  1.1649 -0.0025  0.9911
14   2239 -0.0066  1.1722 -0.0045  1.0168
12   2512 -0.0071  1.1724 -0.0014  1.0149
11   2818 -0.0140  1.1603 -0.0084  1.0431
10   3162 -0.0013  1.1733  0.0024  1.0662
9   3548 -0.0089  1.1685 -0.0065  1.0825
8   3981 -0.0041  1.1709  0.0034  1.0918
7   4467 -0.0037  1.1665  0.0011  1.0941
6   5012 -0.0022  1.1690 -0.0051  1.1016
6   5623 -0.1607  1.1620 -0.1493  1.0917
5   6310 -0.0326  1.1731 -0.0234  1.1173
4   7079 -0.0124  1.1716 -0.0067  1.1205
4   7943 -0.0045  1.1679 -0.0026  1.1203
4   8913  0.0006  1.1717  0.0014  1.1238
3  10000 -0.0063  1.1687  0.0034  1.1213
312    100  0.0178  1.1661 -0.0033  0.1094
279    112  0.0073  1.1664 -0.0055  0.1222
248    126 -0.0066  1.1645 -0.0008  0.1368
222    141 -0.0037  1.1675 -0.0027  0.1527
198    158 -0.0103  1.1695  0.0013  0.1698
176    178 -0.0162  1.1722 -0.0005  0.1895
156    200 -0.0112  1.1659 -0.0001  0.2133
140    224  0.0008  1.1701 -0.0055  0.2367
125    251  0.0047  1.1709 -0.0023  0.2633
111    282 -0.0188  1.1636 -0.0013  0.2955
99    316 -0.0013  1.1695  0.0012  0.3221
88    355 -0.0049  1.1675 -0.0017  0.3578
79    398  0.0065  1.1683  0.0034  0.3950
70    447 -0.0138  1.1657 -0.0040  0.4354
62    501 -0.0149  1.1668 -0.0044  0.4782
56    562 -0.0055  1.1672 -0.0059  0.5238
50    631  0.0010  1.1644 -0.0051  0.5746
44    708 -0.0099  1.1677 -0.0026  0.6223
39    794 -0.0067  1.1664 -0.0013  0.6713
35    891 -0.0105  1.1673 -0.0066  0.7189
31   1000 -0.0044  1.1672  0.0012  0.7676
28   1122 -0.0075  1.1675 -0.0008  0.8107
25   1259  0.0003  1.1678  0.0030  0.8572
22   1413 -0.0092  1.1692 -0.0053  0.8918
20   1585 -0.0088  1.1694 -0.0082  0.9258
18   1778 -0.0076  1.1721 -0.0012  0.9589
16   1995 -0.0061  1.1696 -0.0012  0.9843
14   2239 -0.0056  1.1725  0.0008  1.0107
12   2512 -0.0034  1.1606 -0.0008  1.0115
11   2818 -0.0028  1.1905 -0.0037  1.0468
10   3162 -0.0085  1.1648 -0.0033  1.0652
9   3548 -0.0140  1.1720 -0.0087  1.0773
8   3981 -0.0125  1.1644 -0.0089  1.0837
7   4467 -0.0096  1.1689  0.0012  1.0964
6   5012  0.0112  1.1687  0.0086  1.1030
6   5623 -0.1435  1.1447 -0.0807  1.0923
5   6310 -0.0175  1.1753 -0.0088  1.1143
4   7079 -0.0082  1.1708  0.0023  1.1161
4   7943 -0.0166  1.1683 -0.0065  1.1163
4   8913  0.0005  1.1787  0.0021  1.1150
3  10000 -0.0104  1.1717 -0.0022  1.1186
312    100  0.0207  1.1653 -0.0034  0.1094
279    112  0.0303  1.1685 -0.0027  0.1214
248    126  0.0348  1.1653  0.0026  0.1377
222    141 -0.0043  1.1660 -0.0016  0.1520
198    158 -0.0113  1.1666 -0.0016  0.1709
176    178 -0.0268  1.1721 -0.0021  0.1891
156    200 -0.0228  1.1706 -0.0019  0.2124
140    224  0.0105  1.1655 -0.0035  0.2374
125    251 -0.0195  1.1713 -0.0013  0.2629
111    282 -0.0017  1.1656 -0.0014  0.2930
99    316 -0.0033  1.1687  0.0016  0.3213
88    355 -0.0084  1.1668 -0.0023  0.3575
79    398 -0.0022  1.1681 -0.0061  0.3954
70    447 -0.0112  1.1654  0.0003  0.4360
62    501 -0.0079  1.1653 -0.0009  0.4772
56    562 -0.0182  1.1638 -0.0067  0.5234
50    631 -0.0202  1.1649 -0.0067  0.5707
44    708 -0.0059  1.1646 -0.0034  0.6193
39    794 -0.0020  1.1690  0.0010  0.6678
35    891 -0.0028  1.1693 -0.0011  0.7183
31   1000 -0.0026  1.1654 -0.0011  0.7671
28   1122 -0.0148  1.1660 -0.0081  0.8134
25   1259 -0.0051  1.1710 -0.0022  0.8542
22   1413 -0.0067  1.1719 -0.0026  0.8905
20   1585 -0.0043  1.1675 -0.0031  0.9297
18   1778 -0.0095  1.1722 -0.0012  0.9588
16   1995 -0.0077  1.1686 -0.0021  0.9838
14   2239 -0.0039  1.1656 -0.0001  1.0041
12   2512 -0.0019  1.1733  0.0013  1.0368
11   2818 -0.0105  1.1771 -0.0045  1.0560
10   3162 -0.0104  1.1697 -0.0061  1.0601
9   3548 -0.0168  1.1694 -0.0107  1.0768
8   3981 -0.0107  1.1705 -0.0076  1.0811
7   4467 -0.0051  1.1713 -0.0021  1.0913
6   5012 -0.0236  1.1641 -0.0155  1.0947
6   5623 -0.1556  1.1395 -0.1620  1.0481
5   6310 -0.0062  1.1718 -0.0013  1.1063
4   7079 -0.0097  1.1697 -0.0063  1.1130
4   7943 -0.0166  1.1645 -0.0014  1.1070
4   8913 -0.0105  1.1754 -0.0026  1.1194
3  10000 -0.0101  1.1728 -0.0098  1.1220
312    100  0.0200  1.1666  0.0001  0.1087
279    112  0.0059  1.1653  0.0003  0.1225
248    126 -0.0089  1.1650  0.0006  0.1363
222    141  0.0016  1.1673 -0.0057  0.1526
198    158 -0.0065  1.1697 -0.0028  0.1694
176    178 -0.0131  1.1687 -0.0021  0.1892
156    200  0.0085  1.1695 -0.0026  0.2109
140    224 -0.0158  1.1681 -0.0032  0.2367
125    251 -0.0116  1.1669 -0.0052  0.2641
111    282 -0.0110  1.1683 -0.0035  0.2922
99    316  0.0011  1.1642 -0.0015  0.3244
88    355 -0.0262  1.1702 -0.0031  0.3582
79    398 -0.0131  1.1660  0.0016  0.3964
70    447  0.0002  1.1657 -0.0016  0.4360
62    501 -0.0122  1.1667  0.0007  0.4798
56    562 -0.0100  1.1667 -0.0024  0.5228
50    631 -0.0035  1.1694 -0.0026  0.5712
44    708 -0.0120  1.1650 -0.0035  0.6204
39    794 -0.0109  1.1678 -0.0065  0.6690
35    891 -0.0130  1.1667 -0.0093  0.7158
31   1000 -0.0110  1.1692 -0.0035  0.7651
28   1122 -0.0079  1.1661 -0.0017  0.8095
25   1259 -0.0060  1.1639 -0.0002  0.8546
22   1413 -0.0087  1.1693 -0.0059  0.8925
20   1585 -0.0096  1.1700 -0.0018  0.9249
18   1778  0.0002  1.1656  0.0042  0.9560
16   1995 -0.0067  1.1717 -0.0032  0.9847
14   2239 -0.0165  1.1660 -0.0117  1.0006
12   2512 -0.0025  1.1962 -0.0007  1.0303
11   2818 -0.0050  1.1649 -0.0036  1.0435
10   3162 -0.0156  1.1593 -0.0085  1.0530
9   3548 -0.0046  1.1643 -0.0020  1.0713
8   3981 -0.0010  1.1719  0.0006  1.0837
7   4467 -0.0049  1.1671 -0.0062  1.0896
6   5012  0.0090  1.1657  0.0215  1.0967
6   5623  0.0690  1.1474 -0.0212  1.0866
5   6310  0.0003  1.1742 -0.0044  1.1121
4   7079 -0.0180  1.1709 -0.0100  1.1065
4   7943 -0.0129  1.1669 -0.0024  1.1065
4   8913 -0.0149  1.1839 -0.0086  1.1196
3  10000 -0.0067  1.1724  0.0066  1.1153
312    100 -0.0029  1.1720  0.0003  0.1093
279    112 -0.0035  1.1637  0.0009  0.1221
248    126 -0.0161  1.1710 -0.0032  0.1356
222    141 -0.0180  1.1639 -0.0055  0.1518
198    158  0.0243  1.1714  0.0023  0.1693
176    178 -0.0082  1.1683 -0.0037  0.1902
156    200 -0.0220  1.1694 -0.0010  0.2123
140    224 -0.0237  1.1667 -0.0031  0.2371
125    251 -0.0032  1.1683 -0.0031  0.2624
111    282  0.0000  1.1658 -0.0023  0.2924
99    316  0.0010  1.1672 -0.0038  0.3237
88    355 -0.0165  1.1670  0.0010  0.3574
79    398 -0.0163  1.1648  0.0017  0.3957
70    447 -0.0110  1.1665 -0.0032  0.4356
62    501 -0.0161  1.1665 -0.0014  0.4768
56    562  0.0110  1.1667 -0.0012  0.5236
50    631 -0.0132  1.1682 -0.0068  0.5699
44    708 -0.0019  1.1653 -0.0030  0.6187
39    794 -0.0081  1.1663 -0.0015  0.6704
35    891 -0.0112  1.1674 -0.0046  0.7165
31   1000 -0.0011  1.1642 -0.0014  0.7651
28   1122 -0.0031  1.1658  0.0018  0.8099
25   1259 -0.0115  1.1670 -0.0030  0.8526
22   1413 -0.0051  1.1705 -0.0019  0.8910
20   1585 -0.0100  1.1675 -0.0076  0.9222
18   1778 -0.0117  1.1674 -0.0084  0.9542
16   1995 -0.0046  1.1684 -0.0002  0.9832
14   2239 -0.0052  1.1735  0.0006  1.0064
12   2512 -0.0076  1.1679 -0.0030  1.0253
11   2818 -0.0073  1.1668 -0.0040  1.0550
10   3162  0.0004  1.1695  0.0001  1.0561
9   3548 -0.0078  1.1702 -0.0041  1.0703
8   3981 -0.0073  1.1680 -0.0050  1.0817
7   4467 -0.0086  1.1702 -0.0076  1.0885
6   5012  0.0239  1.1662  0.0173  1.0915
6   5623  0.1111  1.1552  0.0080  1.0824
5   6310 -0.0199  1.1736  0.0061  1.1131
4   7079 -0.0184  1.1653 -0.0054  1.1084
4   7943 -0.0102  1.1662 -0.0084  1.1090
4   8913 -0.0071  1.1705 -0.0054  1.1081
3  10000 -0.0195  1.1697  0.0066  1.1122
312    100 -0.0126  1.1718  0.0012  0.1091
279    112 -0.0212  1.1651  0.0022  0.1234
248    126 -0.0126  1.1671 -0.0037  0.1380
222    141 -0.0112  1.1665 -0.0034  0.1515
198    158 -0.0079  1.1686 -0.0004  0.1687
176    178 -0.0040  1.1656  0.0003  0.1909
156    200 -0.0217  1.1697 -0.0046  0.2116
140    224  0.0092  1.1674  0.0003  0.2364
125    251 -0.0098  1.1664 -0.0004  0.2635
111    282 -0.0110  1.1709 -0.0060  0.2925
99    316 -0.0011  1.1677  0.0014  0.3229
88    355 -0.0051  1.1673 -0.0000  0.3566
79    398  0.0023  1.1686  0.0036  0.3928
70    447 -0.0159  1.1670 -0.0030  0.4353
62    501 -0.0133  1.1665 -0.0009  0.4767
56    562 -0.0106  1.1654 -0.0125  0.5236
50    631 -0.0004  1.1646 -0.0083  0.5727
44    708 -0.0049  1.1662 -0.0030  0.6194
39    794 -0.0144  1.1689 -0.0051  0.6673
35    891 -0.0118  1.1686 -0.0051  0.7169
31   1000 -0.0028  1.1674 -0.0018  0.7644
28   1122 -0.0049  1.1677 -0.0021  0.8097
25   1259  0.0012  1.1666  0.0034  0.8547
22   1413 -0.0065  1.1717 -0.0046  0.8907
20   1585 -0.0136  1.1674 -0.0078  0.9260
18   1778 -0.0079  1.1711 -0.0029  0.9531
16   1995 -0.0050  1.1669 -0.0003  0.9822
14   2239 -0.0051  1.1679 -0.0001  1.0085
12   2512 -0.0120  1.1601 -0.0054  1.0205
11   2818  0.0076  1.1752  0.0080  1.0522
10   3162 -0.0112  1.1678 -0.0061  1.0592
9   3548 -0.0135  1.1695 -0.0083  1.0689
8   3981 -0.0184  1.1712 -0.0090  1.0806
7   4467 -0.0025  1.1705  0.0002  1.0850
6   5012 -0.0044  1.1688 -0.0104  1.0838
6   5623  0.0787  1.1521  0.0042  1.0706
5   6310 -0.0148  1.1716 -0.0008  1.1083
4   7079  0.0010  1.1716  0.0091  1.1061
4   7943 -0.0183  1.1725 -0.0168  1.1097
4   8913 -0.0146  1.1784 -0.0018  1.1110
3  10000 -0.0058  1.1690  0.0028  1.1127
312    100  0.0238  1.1647 -0.0027  0.1094
279    112  0.0288  1.1695 -0.0027  0.1218
248    126  0.0302  1.1681  0.0033  0.1367
222    141 -0.0061  1.1691 -0.0027  0.1512
198    158 -0.0091  1.1684 -0.0002  0.1693
176    178 -0.0083  1.1664  0.0020  0.1899
156    200 -0.0155  1.1670 -0.0003  0.2123
140    224 -0.0159  1.1711 -0.0053  0.2363
125    251 -0.0015  1.1657  0.0012  0.2636
111    282 -0.0131  1.1706 -0.0066  0.2935
99    316 -0.0013  1.1708  0.0010  0.3202
88    355 -0.0030  1.1683 -0.0011  0.3561
79    398 -0.0190  1.1674 -0.0002  0.3948
70    447 -0.0011  1.1663  0.0005  0.4362
62    501 -0.0086  1.1644 -0.0046  0.4762
56    562 -0.0040  1.1663 -0.0063  0.5217
50    631 -0.0118  1.1698 -0.0042  0.5700
44    708 -0.0080  1.1674 -0.0020  0.6168
39    794 -0.0170  1.1640 -0.0060  0.6636
35    891 -0.0105  1.1695 -0.0035  0.7115
31   1000 -0.0097  1.1715 -0.0051  0.7571
28   1122 -0.0066  1.1664 -0.0040  0.8023
25   1259 -0.0030  1.1712 -0.0005  0.8414
22   1413 -0.0027  1.1705  0.0007  0.8745
20   1585 -0.0051  1.1661 -0.0028  0.9105
18   1778 -0.0087  1.1703 -0.0073  0.9381
16   1995 -0.0072  1.1708 -0.0034  0.9617
14   2239  0.0008  1.1694  0.0025  0.9862
12   2512 -0.0102  1.1543 -0.0017  0.9944
11   2818 -0.0051  1.1799 -0.0016  1.0343
10   3162 -0.0085  1.1669 -0.0055  1.0336
9   3548 -0.0050  1.1702 -0.0046  1.0451
8   3981 -0.0026  1.1642 -0.0056  1.0502
7   4467 -0.0107  1.1675 -0.0033  1.0601
6   5012 -0.0031  1.1711  0.0030  1.0647
6   5623 -0.0262  1.1545 -0.1640  1.0407
5   6310 -0.0010  1.1736 -0.0025  1.0740
4   7079 -0.0086  1.1715 -0.0026  1.0722
4   7943 -0.0187  1.1630 -0.0082  1.0701
4   8913 -0.0080  1.1655  0.0011  1.0828
3  10000 -0.0220  1.1739 -0.0183  1.0817
312    100 -0.0142  1.1718  0.0001  0.1083
279    112 -0.0219  1.1659 -0.0008  0.1222
248    126 -0.0258  1.1745 -0.0021  0.1362
222    141  0.0290  1.1655 -0.0011  0.1522
198    158 -0.0015  1.1665 -0.0037  0.1711
176    178 -0.0150  1.1691 -0.0041  0.1898
156    200  0.0064  1.1684 -0.0006  0.2119
140    224 -0.0245  1.1653 -0.0033  0.2365
125    251  0.0033  1.1697 -0.0023  0.2627
111    282 -0.0014  1.1664 -0.0036  0.2920
99    316 -0.0066  1.1719 -0.0036  0.3206
88    355  0.0191  1.1649 -0.0035  0.3559
79    398 -0.0156  1.1706 -0.0019  0.3924
70    447  0.0058  1.1689  0.0024  0.4336
62    501 -0.0109  1.1651 -0.0012  0.4750
56    562 -0.0145  1.1652 -0.0046  0.5186
50    631 -0.0025  1.1672 -0.0011  0.5650
44    708 -0.0130  1.1657 -0.0061  0.6107
39    794 -0.0089  1.1657 -0.0023  0.6573
35    891 -0.0133  1.1695 -0.0052  0.7054
31   1000 -0.0006  1.1674  0.0004  0.7507
28   1122 -0.0048  1.1684 -0.0059  0.7947
25   1259 -0.0084  1.1648 -0.0016  0.8322
22   1413 -0.0037  1.1702 -0.0030  0.8700
20   1585 -0.0071  1.1706 -0.0021  0.8987
18   1778 -0.0041  1.1621 -0.0024  0.9214
16   1995 -0.0061  1.1662 -0.0022  0.9471
14   2239 -0.0085  1.1705 -0.0073  0.9711
12   2512 -0.0018  1.1723  0.0008  0.9852
11   2818 -0.0156  1.1591 -0.0081  1.0011
10   3162 -0.0136  1.1689 -0.0075  1.0111
9   3548 -0.0132  1.1673 -0.0094  1.0257
8   3981 -0.0107  1.1700 -0.0059  1.0324
7   4467  0.0180  1.1723  0.0195  1.0453
6   5012 -0.0166  1.1664 -0.0107  1.0437
6   5623 -0.0157  1.1628 -0.0721  1.0559
5   6310 -0.0325  1.1722 -0.0228  1.0604
4   7079 -0.0164  1.1740 -0.0079  1.0610
4   7943 -0.0088  1.1701 -0.0019  1.0591
4   8913 -0.0165  1.1765 -0.0109  1.0631
3  10000 -0.0094  1.1671 -0.0072  1.0624
312    100  0.0000  1.1721 -0.0008  0.1086
279    112  0.0095  1.1669 -0.0005  0.1218
248    126 -0.0161  1.1697 -0.0014  0.1365
222    141  0.0008  1.1690 -0.0005  0.1521
198    158  0.0039  1.1673 -0.0032  0.1683
176    178 -0.0116  1.1713 -0.0024  0.1897
156    200 -0.0017  1.1651 -0.0003  0.2131
140    224 -0.0054  1.1703 -0.0051  0.2361
125    251  0.0117  1.1672 -0.0082  0.2628
111    282 -0.0056  1.1686 -0.0035  0.2922
99    316 -0.0089  1.1703 -0.0057  0.3209
88    355 -0.0009  1.1665  0.0045  0.3565
79    398 -0.0024  1.1689  0.0051  0.3919
70    447 -0.0091  1.1647  0.0002  0.4303
62    501 -0.0053  1.1642  0.0007  0.4748
56    562 -0.0115  1.1650 -0.0091  0.5156
50    631 -0.0015  1.1654 -0.0050  0.5640
44    708 -0.0044  1.1686 -0.0003  0.6092
39    794 -0.0102  1.1672 -0.0051  0.6537
35    891 -0.0109  1.1674 -0.0046  0.6999
31   1000 -0.0045  1.1645 -0.0040  0.7469
28   1122 -0.0066  1.1671 -0.0018  0.7885
25   1259 -0.0029  1.1680  0.0002  0.8297
22   1413 -0.0045  1.1661 -0.0030  0.8655
20   1585 -0.0046  1.1689 -0.0045  0.8964
18   1778 -0.0073  1.1682 -0.0040  0.9265
16   1995 -0.0081  1.1637 -0.0036  0.9466
14   2239 -0.0057  1.1741 -0.0012  0.9622
12   2512 -0.0036  1.1604 -0.0022  0.9922
11   2818 -0.0122  1.1672 -0.0086  1.0059
10   3162 -0.0080  1.1645  0.0021  1.0099
9   3548 -0.0037  1.1718 -0.0020  1.0262
8   3981 -0.0012  1.1725  0.0049  1.0357
7   4467 -0.0218  1.1704 -0.0164  1.0409
6   5012  0.0023  1.1720  0.0129  1.0500
6   5623  0.0944  1.1472  0.0775  1.0425
5   6310 -0.0063  1.1730 -0.0027  1.0576
4   7079  0.0093  1.1712  0.0067  1.0567
4   7943 -0.0197  1.1663 -0.0121  1.0601
4   8913 -0.0175  1.1813 -0.0110  1.0643
3  10000 -0.0176  1.1707 -0.0003  1.0611
312    100 -0.0347  1.1647 -0.0035  0.1099
279    112 -0.0406  1.1659  0.0001  0.1218
248    126 -0.0114  1.1680 -0.0028  0.1364
222    141 -0.0089  1.1683 -0.0026  0.1530
198    158 -0.0276  1.1644 -0.0074  0.1697
176    178 -0.0193  1.1617 -0.0052  0.1906
156    200 -0.0190  1.1700 -0.0066  0.2117
140    224  0.0094  1.1668  0.0014  0.2359
125    251 -0.0150  1.1662 -0.0081  0.2621
111    282  0.0036  1.1727 -0.0060  0.2906
99    316 -0.0039  1.1680 -0.0003  0.3214
88    355 -0.0055  1.1674 -0.0011  0.3554
79    398 -0.0026  1.1678  0.0047  0.3928
70    447 -0.0118  1.1663 -0.0032  0.4325
62    501 -0.0127  1.1662 -0.0053  0.4743
56    562 -0.0067  1.1642 -0.0037  0.5171
50    631 -0.0147  1.1647 -0.0040  0.5638
44    708 -0.0110  1.1652 -0.0043  0.6100
39    794 -0.0092  1.1673 -0.0068  0.6565
35    891 -0.0135  1.1679 -0.0063  0.7023
31   1000 -0.0059  1.1670 -0.0007  0.7480
28   1122 -0.0094  1.1681 -0.0030  0.7887
25   1259 -0.0048  1.1655 -0.0042  0.8268
22   1413 -0.0077  1.1676 -0.0035  0.8662
20   1585 -0.0133  1.1637 -0.0064  0.8929
18   1778 -0.0101  1.1666 -0.0038  0.9236
16   1995 -0.0064  1.1651 -0.0044  0.9440
14   2239 -0.0075  1.1693 -0.0038  0.9670
12   2512 -0.0035  1.1578  0.0006  0.9902
11   2818 -0.0025  1.1730 -0.0015  1.0142
10   3162 -0.0085  1.1680 -0.0037  1.0112
9   3548 -0.0058  1.1653 -0.0006  1.0231
8   3981 -0.0048  1.1671 -0.0022  1.0318
7   4467 -0.0135  1.1684 -0.0145  1.0385
6   5012 -0.0232  1.1735 -0.0233  1.0478
6   5623  0.0199  1.1656  0.0808  1.0446
5   6310 -0.0360  1.1781 -0.0334  1.0582
4   7079 -0.0176  1.1666 -0.0043  1.0553
4   7943 -0.0151  1.1692 -0.0207  1.0598
4   8913 -0.0022  1.1684 -0.0075  1.0555
3  10000 -0.0053  1.1710 -0.0001  1.0626
312    100  0.0258  1.1646 -0.0005  0.1095
279    112  0.0150  1.1671 -0.0025  0.1217
248    126 -0.0018  1.1712  0.0029  0.1368
222    141 -0.0016  1.1661 -0.0026  0.1523
198    158 -0.0137  1.1648 -0.0030  0.1693
176    178 -0.0194  1.1666  0.0006  0.1906
156    200 -0.0226  1.1715 -0.0018  0.2120
140    224 -0.0039  1.1701 -0.0074  0.2360
125    251 -0.0090  1.1646 -0.0001  0.2631
111    282 -0.0036  1.1663 -0.0034  0.2906
99    316 -0.0149  1.1665 -0.0037  0.3217
88    355 -0.0036  1.1671 -0.0004  0.3578
79    398 -0.0005  1.1667 -0.0052  0.3917
70    447 -0.0050  1.1655 -0.0050  0.4315
62    501 -0.0075  1.1645 -0.0006  0.4741
56    562 -0.0084  1.1682 -0.0015  0.5169
50    631 -0.0074  1.1699 -0.0002  0.5632
44    708 -0.0114  1.1659 -0.0063  0.6089
39    794 -0.0097  1.1680 -0.0097  0.6556
35    891 -0.0126  1.1698 -0.0073  0.7028
31   1000 -0.0117  1.1674 -0.0063  0.7483
28   1122 -0.0071  1.1683 -0.0037  0.7877
25   1259 -0.0116  1.1686 -0.0041  0.8247
22   1413 -0.0136  1.1669 -0.0073  0.8596
20   1585 -0.0054  1.1702  0.0004  0.8948
18   1778 -0.0010  1.1669 -0.0021  0.9237
16   1995 -0.0101  1.1727 -0.0070  0.9519
14   2239 -0.0151  1.1659 -0.0116  0.9591
12   2512 -0.0043  1.1792 -0.0025  0.9948
11   2818 -0.0054  1.1670 -0.0008  0.9977
10   3162 -0.0073  1.1681 -0.0035  1.0129
9   3548 -0.0121  1.1695 -0.0128  1.0266
8   3981 -0.0072  1.1641 -0.0055  1.0303
7   4467 -0.0198  1.1653 -0.0148  1.0357
6   5012  0.0245  1.1693  0.0178  1.0470
6   5623 -0.0412  1.1580 -0.1490  1.0460
5   6310 -0.0064  1.1695 -0.0112  1.0553
4   7079 -0.0142  1.1739 -0.0085  1.0564
4   7943 -0.0142  1.1607 -0.0054  1.0509
4   8913 -0.0192  1.1702 -0.0092  1.0651
3  10000 -0.0082  1.1701  0.0055  1.0637
312    100  0.0194  1.1655 -0.0041  0.1099
279    112  0.0207  1.1740 -0.0015  0.1227
248    126  0.0047  1.1609  0.0012  0.1383
222    141 -0.0181  1.1729 -0.0054  0.1518
198    158 -0.0126  1.1658 -0.0023  0.1695
176    178 -0.0060  1.1661 -0.0014  0.1898
156    200 -0.0088  1.1644 -0.0067  0.2136
140    224  0.0124  1.1661 -0.0057  0.2367
125    251 -0.0179  1.1694 -0.0046  0.2627
111    282 -0.0112  1.1670 -0.0032  0.2928
99    316 -0.0019  1.1663 -0.0029  0.3217
88    355 -0.0045  1.1662  0.0027  0.3556
79    398 -0.0068  1.1663  0.0024  0.3921
70    447 -0.0112  1.1661 -0.0050  0.4328
62    501  0.0004  1.1661 -0.0006  0.4726
56    562 -0.0033  1.1667 -0.0012  0.5167
50    631  0.0008  1.1646 -0.0032  0.5634
44    708 -0.0126  1.1636 -0.0043  0.6111
39    794 -0.0039  1.1666 -0.0006  0.6573
35    891 -0.0088  1.1659  0.0003  0.7050
31   1000 -0.0056  1.1665 -0.0072  0.7463
28   1122 -0.0131  1.1672 -0.0086  0.7870
25   1259 -0.0052  1.1642 -0.0049  0.8276
22   1413 -0.0115  1.1710 -0.0069  0.8636
20   1585 -0.0084  1.1706 -0.0024  0.8962
18   1778 -0.0055  1.1619  0.0003  0.9248
16   1995 -0.0083  1.1709 -0.0053  0.9459
14   2239 -0.0096  1.1696 -0.0046  0.9678
12   2512 -0.0108  1.1663 -0.0078  0.9757
11   2818 -0.0097  1.1756 -0.0071  1.0093
10   3162 -0.0060  1.1697 -0.0040  1.0137
9   3548 -0.0158  1.1726 -0.0099  1.0263
8   3981 -0.0006  1.1667  0.0059  1.0338
7   4467 -0.0119  1.1686 -0.0191  1.0351
6   5012  0.0094  1.1691  0.0028  1.0473
6   5623  0.0195  1.1572  0.0034  1.0534
5   6310 -0.0353  1.1730 -0.0206  1.0604
4   7079 -0.0047  1.1711 -0.0008  1.0589
4   7943 -0.0191  1.1661 -0.0101  1.0589
4   8913 -0.0097  1.1683  0.0011  1.0556
3  10000 -0.0195  1.1712 -0.0043  1.0625
312    100 -0.0273  1.1693 -0.0043  0.1078
279    112 -0.0280  1.1702 -0.0033  0.1226
248    126  0.0002  1.1686 -0.0025  0.1364
222    141  0.0218  1.1624  0.0019  0.1525
198    158 -0.0525  1.1701 -0.0072  0.1690
176    178 -0.0004  1.1689 -0.0041  0.1894
156    200 -0.0178  1.1676 -0.0054  0.2106
140    224 -0.0111  1.1702 -0.0017  0.2360
125    251 -0.0289  1.1700  0.0023  0.2626
111    282 -0.0056  1.1693 -0.0022  0.2915
99    316  0.0027  1.1683 -0.0004  0.3226
88    355 -0.0033  1.1673 -0.0018  0.3556
79    398 -0.0175  1.1685 -0.0032  0.3929
70    447  0.0018  1.1654 -0.0025  0.4316
62    501 -0.0060  1.1639 -0.0044  0.4734
56    562  0.0084  1.1696  0.0017  0.5153
50    631 -0.0031  1.1668 -0.0010  0.5634
44    708 -0.0105  1.1667 -0.0064  0.6093
39    794 -0.0088  1.1673 -0.0059  0.6567
35    891 -0.0142  1.1691 -0.0071  0.7011
31   1000 -0.0056  1.1665 -0.0033  0.7442
28   1122 -0.0014  1.1677  0.0004  0.7880
25   1259 -0.0082  1.1657 -0.0050  0.8278
22   1413 -0.0083  1.1684 -0.0031  0.8645
20   1585 -0.0080  1.1675 -0.0033  0.8933
18   1778  0.0017  1.1690 -0.0009  0.9199
16   1995 -0.0083  1.1651 -0.0037  0.9471
14   2239  0.0038  1.1632  0.0040  0.9649
12   2512 -0.0077  1.1551 -0.0043  0.9636
11   2818 -0.0015  1.1693  0.0026  0.9980
10   3162 -0.0056  1.1757 -0.0071  1.0131
9   3548 -0.0068  1.1692 -0.0036  1.0256
8   3981 -0.0000  1.1737  0.0018  1.0335
7   4467 -0.0067  1.1627 -0.0073  1.0341
6   5012 -0.0135  1.1702 -0.0091  1.0441
6   5623 -0.0826  1.1641 -0.1026  1.0326
5   6310  0.0270  1.1649  0.0206  1.0551
4   7079  0.0040  1.1699  0.0071  1.0575
4   7943 -0.0180  1.1652 -0.0065  1.0579
4   8913 -0.0162  1.1809 -0.0091  1.0636
3  10000 -0.0090  1.1699 -0.0066  1.0610
312    100 -0.0124  1.1725  0.0002  0.1082
279    112  0.0006  1.1669  0.0002  0.1212
248    126 -0.0178  1.1717 -0.0029  0.1364
222    141 -0.0062  1.1687 -0.0005  0.1517
198    158 -0.0088  1.1663  0.0044  0.1687
176    178  0.0026  1.1710  0.0010  0.1900
156    200 -0.0133  1.1662 -0.0010  0.2115
140    224  0.0051  1.1686 -0.0046  0.2368
125    251 -0.0173  1.1695 -0.0040  0.2619
111    282 -0.0105  1.1667 -0.0032  0.2917
99    316 -0.0153  1.1661 -0.0026  0.3220
88    355 -0.0077  1.1668 -0.0020  0.3555
79    398 -0.0082  1.1660  0.0031  0.3923
70    447 -0.0130  1.1662 -0.0042  0.4320
62    501 -0.0147  1.1675 -0.0050  0.4734
56    562 -0.0056  1.1649 -0.0013  0.5175
50    631 -0.0150  1.1660 -0.0066  0.5636
44    708 -0.0066  1.1677 -0.0052  0.6105
39    794 -0.0064  1.1640 -0.0047  0.6563
35    891 -0.0031  1.1657 -0.0032  0.7001
31   1000 -0.0125  1.1692 -0.0052  0.7470
28   1122 -0.0068  1.1683 -0.0024  0.7880
25   1259 -0.0003  1.1640  0.0031  0.8282
22   1413 -0.0084  1.1719 -0.0041  0.8636
20   1585 -0.0027  1.1711 -0.0003  0.8926
18   1778 -0.0040  1.1678 -0.0008  0.9202
16   1995 -0.0040  1.1635 -0.0015  0.9447
14   2239 -0.0015  1.1745  0.0013  0.9847
12   2512 -0.0041  1.1721 -0.0012  1.0256
11   2818 -0.0084  1.1762 -0.0037  1.0342
10   3162 -0.0038  1.1671 -0.0028  1.0391
9   3548 -0.0105  1.1690 -0.0066  1.0561
8   3981 -0.0074  1.1694 -0.0056  1.0666
7   4467  0.0031  1.1662  0.0066  1.0701
6   5012 -0.0066  1.1617 -0.0127  1.0722
6   5623  0.0609  1.1697  0.0177  1.0790
5   6310 -0.0329  1.1741 -0.0106  1.0946
4   7079 -0.0143  1.1659 -0.0058  1.0858
4   7943 -0.0179  1.1619 -0.0163  1.0899
4   8913 -0.0152  1.1748 -0.0078  1.1008
3  10000 -0.0012  1.1723  0.0035  1.0986
